date,site,visit,track_id,habitat_code,n1_traps,n1_pos,n1_ce,n1_miss,n2_traps,n2_pos,n2_ce,n2_miss,n3_traps,n3_pos,n3_ce,n3_miss,n4_traps,n4_pos,n4_ce,n4_miss,tot_traps,nights,n_catch,n_Mna,n_Rra,n_Mer,n_Pda,n_Pro,house_id,house_w_only_Mna,house_w_only_Rra,house_w_both,house_w_neither,Mna_per_trap,Rra_at_house,Mer_at_house,Pda_at_house,Pro_at_house,Rra_at_site,Mer_at_site,Pda_at_site,Pro_at_site,wet_season
2019-09-09,Badala,1,H1,H,3,0,0,0,3,0,0,0,NA,NA,NA,NA,NA,NA,NA,NA,6,2,NA,0,0,0,0,0,Badala-1-H1,FALSE,FALSE,FALSE,TRUE,0,0,0,0,0,1,1,1,0,1
2019-09-09,Badala,1,H2,H,3,0,0,0,3,1,0,0,NA,NA,NA,NA,NA,NA,NA,NA,6,2,1,0,1,0,0,0,Badala-1-H2,FALSE,TRUE,FALSE,FALSE,0,1,0,0,0,1,1,1,0,1
2019-09-09,Badala,1,H3,H,3,0,0,0,3,0,0,0,NA,NA,NA,NA,NA,NA,NA,NA,6,2,NA,0,0,0,0,0,Badala-1-H3,FALSE,FALSE,FALSE,TRUE,0,0,0,0,0,1,1,1,0,1
2019-09-09,Badala,1,H4,H,3,0,0,0,3,0,0,0,NA,NA,NA,NA,NA,NA,NA,NA,6,2,NA,0,0,0,0,0,Badala-1-H4,FALSE,FALSE,FALSE,TRUE,0,0,0,0,0,1,1,1,0,1
2019-09-09,Badala,1,H5,H,3,0,0,0,3,0,0,0,NA,NA,NA,NA,NA,NA,NA,NA,6,2,NA,0,0,0,0,0,Badala-1-H5,FALSE,FALSE,FALSE,TRUE,0,0,0,0,0,1,1,1,0,1
2019-09-09,Badala,1,H6,H,3,0,0,0,3,0,0,0,NA,NA,NA,NA,NA,NA,NA,NA,6,2,NA,0,0,0,0,0,Badala-1-H6,FALSE,FALSE,FALSE,TRUE,0,0,0,0,0,1,1,1,0,1
2019-09-09,Badala,1,H7,H,3,0,0,0,3,0,0,0,NA,NA,NA,NA,NA,NA,NA,NA,6,2,NA,0,0,0,0,0,Badala-1-H7,FALSE,FALSE,FALSE,TRUE,0,0,0,0,0,1,1,1,0,1
2019-09-09,Badala,1,H8,H,3,0,0,0,3,1,0,0,NA,NA,NA,NA,NA,NA,NA,NA,6,2,1,0,1,0,0,0,Badala-1-H8,FALSE,TRUE,FALSE,FALSE,0,1,0,0,0,1,1,1,0,1
2019-09-09,Badala,1,H9,H,3,0,0,0,3,0,0,0,NA,NA,NA,NA,NA,NA,NA,NA,6,2,NA,0,0,0,0,0,Badala-1-H9,FALSE,FALSE,FALSE,TRUE,0,0,0,0,0,1,1,1,0,1
2019-09-09,Badala,1,H10,H,3,0,0,0,3,0,0,0,NA,NA,NA,NA,NA,NA,NA,NA,6,2,NA,0,0,0,0,0,Badala-1-H10,FALSE,FALSE,FALSE,TRUE,0,0,0,0,0,1,1,1,0,1
2019-09-09,Badala,1,H11,H,3,0,0,0,3,0,0,0,NA,NA,NA,NA,NA,NA,NA,NA,6,2,NA,0,0,0,0,0,Badala-1-H11,FALSE,FALSE,FALSE,TRUE,0,0,0,0,0,1,1,1,0,1
2019-09-09,Badala,1,H12,H,3,0,0,0,3,0,0,0,NA,NA,NA,NA,NA,NA,NA,NA,6,2,NA,0,0,0,0,0,Badala-1-H12,FALSE,FALSE,FALSE,TRUE,0,0,0,0,0,1,1,1,0,1
2019-09-09,Badala,1,H13,H,3,0,0,0,3,0,0,0,NA,NA,NA,NA,NA,NA,NA,NA,6,2,NA,0,0,0,0,0,Badala-1-H13,FALSE,FALSE,FALSE,TRUE,0,0,0,0,0,1,1,1,0,1
2019-09-09,Badala,1,H14,H,3,0,0,0,3,0,0,0,NA,NA,NA,NA,NA,NA,NA,NA,6,2,NA,0,0,0,0,0,Badala-1-H14,FALSE,FALSE,FALSE,TRUE,0,0,0,0,0,1,1,1,0,1
2019-11-09,Badala,2,H1,H,3,0,1,0,3,0,0,0,NA,NA,NA,NA,NA,NA,NA,NA,5,2,NA,0,0,0,0,0,Badala-2-H1,FALSE,FALSE,FALSE,TRUE,0,0,0,0,0,1,1,1,0,1
2019-11-09,Badala,2,H2,H,3,0,0,0,3,1,0,0,NA,NA,NA,NA,NA,NA,NA,NA,6,2,1,0,1,0,0,0,Badala-2-H2,FALSE,TRUE,FALSE,FALSE,0,1,0,0,0,1,1,1,0,1
2019-11-09,Badala,2,H3,H,3,0,0,0,3,0,0,0,NA,NA,NA,NA,NA,NA,NA,NA,6,2,NA,0,0,0,0,0,Badala-2-H3,FALSE,FALSE,FALSE,TRUE,0,0,0,0,0,1,1,1,0,1
2019-11-09,Badala,2,H4,H,3,0,2,0,3,0,0,0,NA,NA,NA,NA,NA,NA,NA,NA,4,2,NA,0,0,0,0,0,Badala-2-H4,FALSE,FALSE,FALSE,TRUE,0,0,0,0,0,1,1,1,0,1
2019-11-09,Badala,2,H5,H,3,0,0,0,3,0,0,0,NA,NA,NA,NA,NA,NA,NA,NA,6,2,NA,0,0,0,0,0,Badala-2-H5,FALSE,FALSE,FALSE,TRUE,0,0,0,0,0,1,1,1,0,1
2019-11-09,Badala,2,H6,H,3,0,0,0,3,0,0,0,NA,NA,NA,NA,NA,NA,NA,NA,6,2,NA,0,0,0,0,0,Badala-2-H6,FALSE,FALSE,FALSE,TRUE,0,0,0,0,0,1,1,1,0,1
2019-11-09,Badala,2,H7,H,3,0,0,0,3,0,0,0,NA,NA,NA,NA,NA,NA,NA,NA,6,2,NA,0,0,0,0,0,Badala-2-H7,FALSE,FALSE,FALSE,TRUE,0,0,0,0,0,1,1,1,0,1
2019-11-09,Badala,2,H8,H,3,0,0,0,3,0,0,0,NA,NA,NA,NA,NA,NA,NA,NA,6,2,NA,0,0,0,0,0,Badala-2-H8,FALSE,FALSE,FALSE,TRUE,0,0,0,0,0,1,1,1,0,1
2019-11-09,Badala,2,H9,H,3,1,0,0,3,1,0,0,NA,NA,NA,NA,NA,NA,NA,NA,6,2,2,0,2,0,0,0,Badala-2-H9,FALSE,TRUE,FALSE,FALSE,0,1,0,0,0,1,1,1,0,1
2019-11-09,Badala,2,H10,H,3,0,0,0,3,0,0,0,NA,NA,NA,NA,NA,NA,NA,NA,6,2,NA,0,0,0,0,0,Badala-2-H10,FALSE,FALSE,FALSE,TRUE,0,0,0,0,0,1,1,1,0,1
2019-11-09,Badala,2,H11,H,3,0,0,0,3,0,0,0,NA,NA,NA,NA,NA,NA,NA,NA,6,2,NA,0,0,0,0,0,Badala-2-H11,FALSE,FALSE,FALSE,TRUE,0,0,0,0,0,1,1,1,0,1
2019-11-09,Badala,2,H12,H,3,0,0,0,3,0,0,0,NA,NA,NA,NA,NA,NA,NA,NA,6,2,NA,0,0,0,0,0,Badala-2-H12,FALSE,FALSE,FALSE,TRUE,0,0,0,0,0,1,1,1,0,1
2019-11-09,Badala,2,H13,H,3,0,0,0,3,0,0,0,NA,NA,NA,NA,NA,NA,NA,NA,6,2,NA,0,0,0,0,0,Badala-2-H13,FALSE,FALSE,FALSE,TRUE,0,0,0,0,0,1,1,1,0,1
2019-11-09,Badala,2,H14,H,3,0,0,0,3,0,0,0,NA,NA,NA,NA,NA,NA,NA,NA,6,2,NA,0,0,0,0,0,Badala-2-H14,FALSE,FALSE,FALSE,TRUE,0,0,0,0,0,1,1,1,0,1
2020-01-11,Badala,3,H1,H,3,0,0,0,3,0,0,0,NA,NA,NA,NA,NA,NA,NA,NA,6,2,NA,0,0,0,0,0,Badala-3-H1,FALSE,FALSE,FALSE,TRUE,0,0,0,0,0,1,1,1,0,0
2020-01-11,Badala,3,H2,H,3,0,0,0,3,0,0,0,NA,NA,NA,NA,NA,NA,NA,NA,6,2,NA,0,0,0,0,0,Badala-3-H2,FALSE,FALSE,FALSE,TRUE,0,0,0,0,0,1,1,1,0,0
2020-01-11,Badala,3,H3,H,3,0,0,0,3,0,0,0,NA,NA,NA,NA,NA,NA,NA,NA,6,2,NA,0,0,0,0,0,Badala-3-H3,FALSE,FALSE,FALSE,TRUE,0,0,0,0,0,1,1,1,0,0
2020-01-11,Badala,3,H4,H,3,0,0,0,3,0,0,0,NA,NA,NA,NA,NA,NA,NA,NA,6,2,NA,0,0,0,0,0,Badala-3-H4,FALSE,FALSE,FALSE,TRUE,0,0,0,0,0,1,1,1,0,0
2020-01-11,Badala,3,H5,H,3,0,0,0,3,0,0,0,NA,NA,NA,NA,NA,NA,NA,NA,6,2,NA,0,0,0,0,0,Badala-3-H5,FALSE,FALSE,FALSE,TRUE,0,0,0,0,0,1,1,1,0,0
2020-01-11,Badala,3,H6,H,3,0,0,0,3,0,0,0,NA,NA,NA,NA,NA,NA,NA,NA,6,2,NA,0,0,0,0,0,Badala-3-H6,FALSE,FALSE,FALSE,TRUE,0,0,0,0,0,1,1,1,0,0
2020-01-11,Badala,3,H7,H,3,0,0,0,3,0,0,0,NA,NA,NA,NA,NA,NA,NA,NA,6,2,NA,0,0,0,0,0,Badala-3-H7,FALSE,FALSE,FALSE,TRUE,0,0,0,0,0,1,1,1,0,0
2020-01-11,Badala,3,H8,H,3,0,0,0,3,0,1,0,NA,NA,NA,NA,NA,NA,NA,NA,5,2,NA,0,0,0,0,0,Badala-3-H8,FALSE,FALSE,FALSE,TRUE,0,0,0,0,0,1,1,1,0,0
2020-01-11,Badala,3,H9,H,3,0,0,0,3,0,0,0,NA,NA,NA,NA,NA,NA,NA,NA,6,2,NA,0,0,0,0,0,Badala-3-H9,FALSE,FALSE,FALSE,TRUE,0,0,0,0,0,1,1,1,0,0
2020-01-11,Badala,3,H10,H,3,0,0,0,3,0,0,0,NA,NA,NA,NA,NA,NA,NA,NA,6,2,NA,0,0,0,0,0,Badala-3-H10,FALSE,FALSE,FALSE,TRUE,0,0,0,0,0,1,1,1,0,0
2020-01-11,Badala,3,H11,H,3,0,0,0,3,0,0,0,NA,NA,NA,NA,NA,NA,NA,NA,6,2,NA,0,0,0,0,0,Badala-3-H11,FALSE,FALSE,FALSE,TRUE,0,0,0,0,0,1,1,1,0,0
2020-01-11,Badala,3,H12,H,3,0,0,0,3,0,0,0,NA,NA,NA,NA,NA,NA,NA,NA,6,2,NA,0,0,0,0,0,Badala-3-H12,FALSE,FALSE,FALSE,TRUE,0,0,0,0,0,1,1,1,0,0
2020-01-11,Badala,3,H13,H,3,0,0,0,3,0,0,0,NA,NA,NA,NA,NA,NA,NA,NA,6,2,NA,0,0,0,0,0,Badala-3-H13,FALSE,FALSE,FALSE,TRUE,0,0,0,0,0,1,1,1,0,0
2020-01-11,Badala,3,H14,H,3,0,0,0,3,0,0,0,NA,NA,NA,NA,NA,NA,NA,NA,6,2,NA,0,0,0,0,0,Badala-3-H14,FALSE,FALSE,FALSE,TRUE,0,0,0,0,0,1,1,1,0,0
2020-03-05,Badala,4,H1,H,3,0,1,0,3,0,0,0,NA,NA,NA,NA,NA,NA,NA,NA,5,2,NA,0,0,0,0,0,Badala-4-H1,FALSE,FALSE,FALSE,TRUE,0,0,0,0,0,1,1,1,0,0
2020-03-05,Badala,4,H2,H,3,0,0,0,3,0,0,0,NA,NA,NA,NA,NA,NA,NA,NA,6,2,NA,0,0,0,0,0,Badala-4-H2,FALSE,FALSE,FALSE,TRUE,0,0,0,0,0,1,1,1,0,0
2020-03-05,Badala,4,H3,H,3,0,0,0,3,0,0,0,NA,NA,NA,NA,NA,NA,NA,NA,6,2,NA,0,0,0,0,0,Badala-4-H3,FALSE,FALSE,FALSE,TRUE,0,0,0,0,0,1,1,1,0,0
2020-03-05,Badala,4,H4,H,3,0,0,0,3,0,0,0,NA,NA,NA,NA,NA,NA,NA,NA,6,2,NA,0,0,0,0,0,Badala-4-H4,FALSE,FALSE,FALSE,TRUE,0,0,0,0,0,1,1,1,0,0
2020-03-05,Badala,4,H5,H,3,0,0,0,3,0,0,0,NA,NA,NA,NA,NA,NA,NA,NA,6,2,NA,0,0,0,0,0,Badala-4-H5,FALSE,FALSE,FALSE,TRUE,0,0,0,0,0,1,1,1,0,0
2020-03-05,Badala,4,H6,H,3,0,0,0,3,0,0,0,NA,NA,NA,NA,NA,NA,NA,NA,6,2,NA,0,0,0,0,0,Badala-4-H6,FALSE,FALSE,FALSE,TRUE,0,0,0,0,0,1,1,1,0,0
2020-03-05,Badala,4,H7,H,3,0,0,0,3,0,0,0,NA,NA,NA,NA,NA,NA,NA,NA,6,2,NA,0,0,0,0,0,Badala-4-H7,FALSE,FALSE,FALSE,TRUE,0,0,0,0,0,1,1,1,0,0
2020-03-05,Badala,4,H8,H,3,0,0,0,3,0,0,0,NA,NA,NA,NA,NA,NA,NA,NA,6,2,NA,0,0,0,0,0,Badala-4-H8,FALSE,FALSE,FALSE,TRUE,0,0,0,0,0,1,1,1,0,0
2020-03-05,Badala,4,H9,H,3,0,0,0,3,0,0,0,NA,NA,NA,NA,NA,NA,NA,NA,6,2,NA,0,0,0,0,0,Badala-4-H9,FALSE,FALSE,FALSE,TRUE,0,0,0,0,0,1,1,1,0,0
2019-09-07,Bafodia,1,H1,H,3,1,0,0,3,0,0,0,NA,NA,NA,NA,NA,NA,NA,NA,6,2,1,1,0,0,0,0,Bafodia-1-H1,TRUE,FALSE,FALSE,FALSE,0.16666666666666666,0,0,0,0,0,1,1,1,1
2019-09-07,Bafodia,1,H2,H,3,2,0,0,3,1,0,0,NA,NA,NA,NA,NA,NA,NA,NA,6,2,3,1,0,0,0,0,Bafodia-1-H2,TRUE,FALSE,FALSE,FALSE,0.16666666666666666,0,0,0,0,0,1,1,1,1
2019-09-07,Bafodia,1,H3,H,3,1,0,0,3,1,0,0,NA,NA,NA,NA,NA,NA,NA,NA,6,2,2,2,0,0,0,0,Bafodia-1-H3,TRUE,FALSE,FALSE,FALSE,0.3333333333333333,0,0,0,0,0,1,1,1,1
2019-09-07,Bafodia,1,H4,H,3,0,0,0,3,0,0,0,NA,NA,NA,NA,NA,NA,NA,NA,6,2,NA,0,0,0,0,0,Bafodia-1-H4,FALSE,FALSE,FALSE,TRUE,0,0,0,0,0,0,1,1,1,1
2019-09-07,Bafodia,1,H5,H,3,1,0,0,3,1,0,0,NA,NA,NA,NA,NA,NA,NA,NA,6,2,2,2,0,0,0,0,Bafodia-1-H5,TRUE,FALSE,FALSE,FALSE,0.3333333333333333,0,0,0,0,0,1,1,1,1
2019-09-07,Bafodia,1,H6,H,3,0,0,0,3,0,0,0,NA,NA,NA,NA,NA,NA,NA,NA,6,2,NA,0,0,0,0,0,Bafodia-1-H6,FALSE,FALSE,FALSE,TRUE,0,0,0,0,0,0,1,1,1,1
2019-09-07,Bafodia,1,H7,H,3,1,0,0,3,0,0,0,NA,NA,NA,NA,NA,NA,NA,NA,6,2,1,0,0,0,1,0,Bafodia-1-H7,FALSE,FALSE,FALSE,TRUE,0,0,0,1,0,0,1,1,1,1
2019-09-07,Bafodia,1,H8,H,3,2,0,0,3,1,0,0,NA,NA,NA,NA,NA,NA,NA,NA,6,2,3,3,0,0,0,0,Bafodia-1-H8,TRUE,FALSE,FALSE,FALSE,0.5,0,0,0,0,0,1,1,1,1
2019-09-07,Bafodia,1,H9,H,3,0,0,0,3,0,0,0,NA,NA,NA,NA,NA,NA,NA,NA,6,2,NA,0,0,0,0,0,Bafodia-1-H9,FALSE,FALSE,FALSE,TRUE,0,0,0,0,0,0,1,1,1,1
2019-09-07,Bafodia,1,H10,H,3,1,0,0,3,0,0,0,NA,NA,NA,NA,NA,NA,NA,NA,6,2,1,1,0,0,0,0,Bafodia-1-H10,TRUE,FALSE,FALSE,FALSE,0.16666666666666666,0,0,0,0,0,1,1,1,1
2019-09-07,Bafodia,1,H11,H,3,1,0,0,3,0,0,0,NA,NA,NA,NA,NA,NA,NA,NA,6,2,1,1,0,0,0,0,Bafodia-1-H11,TRUE,FALSE,FALSE,FALSE,0.16666666666666666,0,0,0,0,0,1,1,1,1
2019-09-07,Bafodia,1,H12,H,3,2,0,0,3,0,0,0,NA,NA,NA,NA,NA,NA,NA,NA,6,2,2,2,0,0,0,0,Bafodia-1-H12,TRUE,FALSE,FALSE,FALSE,0.3333333333333333,0,0,0,0,0,1,1,1,1
2019-09-07,Bafodia,1,H13,H,3,3,0,0,3,0,0,0,NA,NA,NA,NA,NA,NA,NA,NA,6,2,3,2,0,0,1,0,Bafodia-1-H13,TRUE,FALSE,FALSE,FALSE,0.3333333333333333,0,0,1,0,0,1,1,1,1
2019-09-07,Bafodia,1,H14,H,3,1,0,0,3,0,0,0,NA,NA,NA,NA,NA,NA,NA,NA,6,2,1,1,0,0,0,0,Bafodia-1-H14,TRUE,FALSE,FALSE,FALSE,0.16666666666666666,0,0,0,0,0,1,1,1,1
2019-09-07,Bafodia,1,H15,H,3,1,0,0,3,0,0,0,NA,NA,NA,NA,NA,NA,NA,NA,6,2,1,1,0,0,0,0,Bafodia-1-H15,TRUE,FALSE,FALSE,FALSE,0.16666666666666666,0,0,0,0,0,1,1,1,1
2019-09-07,Bafodia,1,H16,H,3,0,0,0,3,0,0,0,NA,NA,NA,NA,NA,NA,NA,NA,6,2,NA,0,0,0,0,0,Bafodia-1-H16,FALSE,FALSE,FALSE,TRUE,0,0,0,0,0,0,1,1,1,1
2019-09-07,Bafodia,1,H17,H,3,0,0,0,3,1,0,0,NA,NA,NA,NA,NA,NA,NA,NA,6,2,1,1,0,0,0,0,Bafodia-1-H17,TRUE,FALSE,FALSE,FALSE,0.16666666666666666,0,0,0,0,0,1,1,1,1
2019-09-07,Bafodia,1,H18,H,3,0,0,0,3,1,0,0,NA,NA,NA,NA,NA,NA,NA,NA,6,2,1,1,0,0,0,0,Bafodia-1-H18,TRUE,FALSE,FALSE,FALSE,0.16666666666666666,0,0,0,0,0,1,1,1,1
2019-09-07,Bafodia,1,H19,H,3,0,0,0,3,0,0,0,NA,NA,NA,NA,NA,NA,NA,NA,6,2,NA,0,0,0,0,0,Bafodia-1-H19,FALSE,FALSE,FALSE,TRUE,0,0,0,0,0,0,1,1,1,1
2019-09-07,Bafodia,1,H20,H,3,1,0,0,3,1,0,0,NA,NA,NA,NA,NA,NA,NA,NA,6,2,2,2,0,0,0,0,Bafodia-1-H20,TRUE,FALSE,FALSE,FALSE,0.3333333333333333,0,0,0,0,0,1,1,1,1
2019-09-07,Bafodia,1,H21,H,3,0,0,0,3,1,0,0,NA,NA,NA,NA,NA,NA,NA,NA,6,2,1,1,0,0,0,0,Bafodia-1-H21,TRUE,FALSE,FALSE,FALSE,0.16666666666666666,0,0,0,0,0,1,1,1,1
2019-09-07,Bafodia,1,H22,H,3,2,0,0,3,0,0,3,NA,NA,NA,NA,NA,NA,NA,NA,3,2,2,2,0,0,0,0,Bafodia-1-H22,TRUE,FALSE,FALSE,FALSE,0.6666666666666666,0,0,0,0,0,1,1,1,1
2019-09-07,Bafodia,1,H23,H,3,1,0,0,3,1,0,1,NA,NA,NA,NA,NA,NA,NA,NA,5,2,2,2,0,0,0,0,Bafodia-1-H23,TRUE,FALSE,FALSE,FALSE,0.4,0,0,0,0,0,1,1,1,1
2019-09-07,Bafodia,1,H24,H,3,1,0,0,3,0,0,3,NA,NA,NA,NA,NA,NA,NA,NA,3,2,1,0,0,0,0,0,Bafodia-1-H24,FALSE,FALSE,FALSE,TRUE,0,0,0,0,0,0,1,1,1,1
2019-09-07,Bafodia,1,H25,H,3,0,0,0,3,0,1,0,NA,NA,NA,NA,NA,NA,NA,NA,5,2,NA,0,0,0,0,0,Bafodia-1-H25,FALSE,FALSE,FALSE,TRUE,0,0,0,0,0,0,1,1,1,1
2019-09-07,Bafodia,1,H26,H,3,1,0,0,3,0,0,0,NA,NA,NA,NA,NA,NA,NA,NA,6,2,1,1,0,0,0,0,Bafodia-1-H26,TRUE,FALSE,FALSE,FALSE,0.16666666666666666,0,0,0,0,0,1,1,1,1
2019-09-07,Bafodia,1,H27,H,3,0,0,0,3,0,0,0,NA,NA,NA,NA,NA,NA,NA,NA,6,2,NA,0,0,0,0,0,Bafodia-1-H27,FALSE,FALSE,FALSE,TRUE,0,0,0,0,0,0,1,1,1,1
2019-09-07,Bafodia,1,H28,H,3,0,0,0,3,1,0,0,NA,NA,NA,NA,NA,NA,NA,NA,6,2,1,1,0,0,0,0,Bafodia-1-H28,TRUE,FALSE,FALSE,FALSE,0.16666666666666666,0,0,0,0,0,1,1,1,1
2019-09-07,Bafodia,1,H29,H,3,1,0,0,3,1,0,0,NA,NA,NA,NA,NA,NA,NA,NA,6,2,2,2,0,0,0,0,Bafodia-1-H29,TRUE,FALSE,FALSE,FALSE,0.3333333333333333,0,0,0,0,0,1,1,1,1
2019-09-07,Bafodia,1,H30,H,3,0,0,0,3,0,0,0,NA,NA,NA,NA,NA,NA,NA,NA,6,2,NA,0,0,0,0,0,Bafodia-1-H30,FALSE,FALSE,FALSE,TRUE,0,0,0,0,0,0,1,1,1,1
2019-09-07,Bafodia,1,H31,H,3,2,0,0,3,0,0,0,NA,NA,NA,NA,NA,NA,NA,NA,6,2,2,2,0,0,0,0,Bafodia-1-H31,TRUE,FALSE,FALSE,FALSE,0.3333333333333333,0,0,0,0,0,1,1,1,1
2019-09-07,Bafodia,1,H32,H,3,0,0,0,3,0,0,0,NA,NA,NA,NA,NA,NA,NA,NA,6,2,NA,0,0,0,0,0,Bafodia-1-H32,FALSE,FALSE,FALSE,TRUE,0,0,0,0,0,0,1,1,1,1
2019-09-07,Bafodia,1,H33,H,3,0,0,0,3,0,0,0,NA,NA,NA,NA,NA,NA,NA,NA,6,2,NA,0,0,0,0,0,Bafodia-1-H33,FALSE,FALSE,FALSE,TRUE,0,0,0,0,0,0,1,1,1,1
2019-09-07,Bafodia,1,H34,H,3,0,0,0,3,2,0,0,NA,NA,NA,NA,NA,NA,NA,NA,6,2,2,2,0,0,0,0,Bafodia-1-H34,TRUE,FALSE,FALSE,FALSE,0.3333333333333333,0,0,0,0,0,1,1,1,1
2019-09-07,Bafodia,1,H35,H,3,1,0,0,3,0,0,0,NA,NA,NA,NA,NA,NA,NA,NA,6,2,1,1,0,0,0,0,Bafodia-1-H35,TRUE,FALSE,FALSE,FALSE,0.16666666666666666,0,0,0,0,0,1,1,1,1
2019-09-07,Bafodia,1,H36,H,3,0,0,0,3,0,1,0,NA,NA,NA,NA,NA,NA,NA,NA,5,2,NA,0,0,0,0,0,Bafodia-1-H36,FALSE,FALSE,FALSE,TRUE,0,0,0,0,0,0,1,1,1,1
2019-09-07,Bafodia,1,H37,H,3,1,0,0,3,0,1,0,NA,NA,NA,NA,NA,NA,NA,NA,5,2,1,1,0,0,0,0,Bafodia-1-H37,TRUE,FALSE,FALSE,FALSE,0.2,0,0,0,0,0,1,1,1,1
2019-09-07,Bafodia,1,H38,H,3,1,0,0,3,0,2,0,NA,NA,NA,NA,NA,NA,NA,NA,4,2,1,1,0,0,0,0,Bafodia-1-H38,TRUE,FALSE,FALSE,FALSE,0.25,0,0,0,0,0,1,1,1,1
2019-09-07,Bafodia,1,H39,H,3,2,0,0,3,0,0,0,NA,NA,NA,NA,NA,NA,NA,NA,6,2,2,1,0,0,0,0,Bafodia-1-H39,TRUE,FALSE,FALSE,FALSE,0.16666666666666666,0,0,0,0,0,1,1,1,1
2019-09-07,Bafodia,1,H40,H,3,3,0,0,3,0,0,0,NA,NA,NA,NA,NA,NA,NA,NA,6,2,3,3,0,0,0,0,Bafodia-1-H40,TRUE,FALSE,FALSE,FALSE,0.5,0,0,0,0,0,1,1,1,1
2019-09-07,Bafodia,1,H41,H,3,4,0,0,3,0,3,0,NA,NA,NA,NA,NA,NA,NA,NA,3,2,4,3,0,0,0,0,Bafodia-1-H41,TRUE,FALSE,FALSE,FALSE,1,0,0,0,0,0,1,1,1,1
2019-09-07,Bafodia,1,H42,H,3,0,0,0,3,0,0,0,NA,NA,NA,NA,NA,NA,NA,NA,6,2,NA,0,0,0,0,0,Bafodia-1-H42,FALSE,FALSE,FALSE,TRUE,0,0,0,0,0,0,1,1,1,1
2019-09-07,Bafodia,1,H43,H,3,2,0,0,3,0,0,0,NA,NA,NA,NA,NA,NA,NA,NA,6,2,2,2,0,0,0,0,Bafodia-1-H43,TRUE,FALSE,FALSE,FALSE,0.3333333333333333,0,0,0,0,0,1,1,1,1
2019-09-07,Bafodia,1,H44,H,3,3,0,0,3,0,1,0,NA,NA,NA,NA,NA,NA,NA,NA,5,2,3,3,0,0,0,0,Bafodia-1-H44,TRUE,FALSE,FALSE,FALSE,0.6,0,0,0,0,0,1,1,1,1
2019-09-07,Bafodia,1,H45,H,3,0,0,0,3,1,0,0,NA,NA,NA,NA,NA,NA,NA,NA,6,2,1,1,0,0,0,0,Bafodia-1-H45,TRUE,FALSE,FALSE,FALSE,0.16666666666666666,0,0,0,0,0,1,1,1,1
2019-09-07,Bafodia,1,H46,H,3,2,0,0,3,1,0,0,NA,NA,NA,NA,NA,NA,NA,NA,6,2,3,2,0,0,0,0,Bafodia-1-H46,TRUE,FALSE,FALSE,FALSE,0.3333333333333333,0,0,0,0,0,1,1,1,1
2019-09-07,Bafodia,1,H47,H,3,0,0,0,3,2,0,0,NA,NA,NA,NA,NA,NA,NA,NA,6,2,2,2,0,0,0,0,Bafodia-1-H47,TRUE,FALSE,FALSE,FALSE,0.3333333333333333,0,0,0,0,0,1,1,1,1
2019-09-07,Bafodia,1,H48,H,3,0,0,0,3,1,0,0,NA,NA,NA,NA,NA,NA,NA,NA,6,2,1,1,0,0,0,0,Bafodia-1-H48,TRUE,FALSE,FALSE,FALSE,0.16666666666666666,0,0,0,0,0,1,1,1,1
2019-11-05,Bafodia,2,H1,H,3,3,0,0,3,0,0,0,NA,NA,NA,NA,NA,NA,NA,NA,6,2,3,3,0,0,0,0,Bafodia-2-H1,TRUE,FALSE,FALSE,FALSE,0.5,0,0,0,0,0,1,1,1,1
2019-11-05,Bafodia,2,H2,H,3,1,0,0,3,0,0,0,NA,NA,NA,NA,NA,NA,NA,NA,6,2,1,1,0,0,0,0,Bafodia-2-H2,TRUE,FALSE,FALSE,FALSE,0.16666666666666666,0,0,0,0,0,1,1,1,1
2019-11-05,Bafodia,2,H3,H,3,1,0,0,3,0,0,0,NA,NA,NA,NA,NA,NA,NA,NA,6,2,1,1,0,0,0,0,Bafodia-2-H3,TRUE,FALSE,FALSE,FALSE,0.16666666666666666,0,0,0,0,0,1,1,1,1
2019-11-05,Bafodia,2,H4,H,3,0,0,0,3,1,0,0,NA,NA,NA,NA,NA,NA,NA,NA,6,2,1,1,0,0,0,0,Bafodia-2-H4,TRUE,FALSE,FALSE,FALSE,0.16666666666666666,0,0,0,0,0,1,1,1,1
2019-11-05,Bafodia,2,H5,H,3,0,0,0,3,1,0,0,NA,NA,NA,NA,NA,NA,NA,NA,6,2,1,1,0,0,0,0,Bafodia-2-H5,TRUE,FALSE,FALSE,FALSE,0.16666666666666666,0,0,0,0,0,1,1,1,1
2019-11-05,Bafodia,2,H6,H,3,0,0,0,3,2,0,0,NA,NA,NA,NA,NA,NA,NA,NA,6,2,2,2,0,0,0,0,Bafodia-2-H6,TRUE,FALSE,FALSE,FALSE,0.3333333333333333,0,0,0,0,0,1,1,1,1
2019-11-05,Bafodia,2,H7,H,3,0,0,0,3,1,0,0,NA,NA,NA,NA,NA,NA,NA,NA,6,2,1,1,0,0,0,0,Bafodia-2-H7,TRUE,FALSE,FALSE,FALSE,0.16666666666666666,0,0,0,0,0,1,1,1,1
2019-11-05,Bafodia,2,H8,H,3,0,0,0,3,2,0,0,NA,NA,NA,NA,NA,NA,NA,NA,6,2,2,2,0,0,0,0,Bafodia-2-H8,TRUE,FALSE,FALSE,FALSE,0.3333333333333333,0,0,0,0,0,1,1,1,1
2019-11-05,Bafodia,2,H9,H,3,1,0,0,3,1,0,0,NA,NA,NA,NA,NA,NA,NA,NA,6,2,2,1,0,0,0,0,Bafodia-2-H9,TRUE,FALSE,FALSE,FALSE,0.16666666666666666,0,0,0,0,0,1,1,1,1
2019-11-05,Bafodia,2,H10,H,3,0,0,0,3,3,0,0,NA,NA,NA,NA,NA,NA,NA,NA,6,2,3,3,0,0,0,0,Bafodia-2-H10,TRUE,FALSE,FALSE,FALSE,0.5,0,0,0,0,0,1,1,1,1
2019-11-05,Bafodia,2,H11,H,3,2,0,0,3,1,0,0,NA,NA,NA,NA,NA,NA,NA,NA,6,2,3,3,0,0,0,0,Bafodia-2-H11,TRUE,FALSE,FALSE,FALSE,0.5,0,0,0,0,0,1,1,1,1
2019-11-05,Bafodia,2,H12,H,3,2,0,0,3,0,0,0,NA,NA,NA,NA,NA,NA,NA,NA,6,2,2,2,0,0,0,0,Bafodia-2-H12,TRUE,FALSE,FALSE,FALSE,0.3333333333333333,0,0,0,0,0,1,1,1,1
2019-11-05,Bafodia,2,H13,H,3,0,0,0,3,1,0,0,NA,NA,NA,NA,NA,NA,NA,NA,6,2,1,1,0,0,0,0,Bafodia-2-H13,TRUE,FALSE,FALSE,FALSE,0.16666666666666666,0,0,0,0,0,1,1,1,1
2019-11-05,Bafodia,2,H14,H,3,0,0,0,3,1,0,0,NA,NA,NA,NA,NA,NA,NA,NA,6,2,1,1,0,0,0,0,Bafodia-2-H14,TRUE,FALSE,FALSE,FALSE,0.16666666666666666,0,0,0,0,0,1,1,1,1
2019-11-05,Bafodia,2,H15,H,3,0,0,0,3,1,0,0,NA,NA,NA,NA,NA,NA,NA,NA,6,2,1,1,0,0,0,0,Bafodia-2-H15,TRUE,FALSE,FALSE,FALSE,0.16666666666666666,0,0,0,0,0,1,1,1,1
2019-11-05,Bafodia,2,H16,H,3,1,0,0,3,0,0,0,NA,NA,NA,NA,NA,NA,NA,NA,6,2,1,1,0,0,0,0,Bafodia-2-H16,TRUE,FALSE,FALSE,FALSE,0.16666666666666666,0,0,0,0,0,1,1,1,1
2019-11-05,Bafodia,2,H17,H,3,1,0,0,3,2,0,0,NA,NA,NA,NA,NA,NA,NA,NA,6,2,3,3,0,0,0,0,Bafodia-2-H17,TRUE,FALSE,FALSE,FALSE,0.5,0,0,0,0,0,1,1,1,1
2019-11-05,Bafodia,2,H18,H,3,0,0,0,3,1,0,0,NA,NA,NA,NA,NA,NA,NA,NA,6,2,1,1,0,0,0,0,Bafodia-2-H18,TRUE,FALSE,FALSE,FALSE,0.16666666666666666,0,0,0,0,0,1,1,1,1
2019-11-05,Bafodia,2,H19,H,3,0,0,0,3,1,0,0,NA,NA,NA,NA,NA,NA,NA,NA,6,2,1,1,0,0,0,0,Bafodia-2-H19,TRUE,FALSE,FALSE,FALSE,0.16666666666666666,0,0,0,0,0,1,1,1,1
2019-11-05,Bafodia,2,H20,H,3,0,0,0,3,0,0,0,NA,NA,NA,NA,NA,NA,NA,NA,6,2,NA,0,0,0,0,0,Bafodia-2-H20,FALSE,FALSE,FALSE,TRUE,0,0,0,0,0,0,1,1,1,1
2019-11-05,Bafodia,2,H21,H,3,0,1,0,3,1,0,0,NA,NA,NA,NA,NA,NA,NA,NA,5,2,1,1,0,0,0,0,Bafodia-2-H21,TRUE,FALSE,FALSE,FALSE,0.2,0,0,0,0,0,1,1,1,1
2019-11-05,Bafodia,2,H22,H,3,2,0,0,3,0,0,0,NA,NA,NA,NA,NA,NA,NA,NA,6,2,2,2,0,0,0,0,Bafodia-2-H22,TRUE,FALSE,FALSE,FALSE,0.3333333333333333,0,0,0,0,0,1,1,1,1
2019-11-05,Bafodia,2,H23,H,3,1,0,0,3,2,0,0,NA,NA,NA,NA,NA,NA,NA,NA,6,2,3,3,0,0,0,0,Bafodia-2-H23,TRUE,FALSE,FALSE,FALSE,0.5,0,0,0,0,0,1,1,1,1
2019-11-05,Bafodia,2,H24,H,3,0,0,0,3,1,0,0,NA,NA,NA,NA,NA,NA,NA,NA,6,2,1,1,0,0,0,0,Bafodia-2-H24,TRUE,FALSE,FALSE,FALSE,0.16666666666666666,0,0,0,0,0,1,1,1,1
2019-11-05,Bafodia,2,H25,H,3,2,0,0,3,2,0,0,NA,NA,NA,NA,NA,NA,NA,NA,6,2,5,5,0,0,0,0,Bafodia-2-H25,TRUE,FALSE,FALSE,FALSE,0.8333333333333334,0,0,0,0,0,1,1,1,1
2019-11-05,Bafodia,2,H26,H,3,1,0,0,3,3,0,0,NA,NA,NA,NA,NA,NA,NA,NA,6,2,3,3,0,0,0,0,Bafodia-2-H26,TRUE,FALSE,FALSE,FALSE,0.5,0,0,0,0,0,1,1,1,1
2019-11-05,Bafodia,2,H27,H,3,0,0,0,3,1,0,0,NA,NA,NA,NA,NA,NA,NA,NA,6,2,1,1,0,0,0,0,Bafodia-2-H27,TRUE,FALSE,FALSE,FALSE,0.16666666666666666,0,0,0,0,0,1,1,1,1
2019-11-05,Bafodia,2,H28,H,3,0,0,0,3,2,0,0,NA,NA,NA,NA,NA,NA,NA,NA,6,2,2,2,0,0,0,0,Bafodia-2-H28,TRUE,FALSE,FALSE,FALSE,0.3333333333333333,0,0,0,0,0,1,1,1,1
2019-11-05,Bafodia,2,H29,H,3,0,0,0,3,1,0,0,NA,NA,NA,NA,NA,NA,NA,NA,6,2,1,1,0,0,0,0,Bafodia-2-H29,TRUE,FALSE,FALSE,FALSE,0.16666666666666666,0,0,0,0,0,1,1,1,1
2019-11-05,Bafodia,2,H30,H,3,1,0,0,3,0,0,0,NA,NA,NA,NA,NA,NA,NA,NA,6,2,1,1,0,0,0,0,Bafodia-2-H30,TRUE,FALSE,FALSE,FALSE,0.16666666666666666,0,0,0,0,0,1,1,1,1
2019-11-05,Bafodia,2,H31,H,3,0,0,0,3,1,0,0,NA,NA,NA,NA,NA,NA,NA,NA,6,2,1,1,0,0,0,0,Bafodia-2-H31,TRUE,FALSE,FALSE,FALSE,0.16666666666666666,0,0,0,0,0,1,1,1,1
2019-11-05,Bafodia,2,H32,H,3,0,0,0,3,3,0,0,NA,NA,NA,NA,NA,NA,NA,NA,6,2,3,3,0,0,0,0,Bafodia-2-H32,TRUE,FALSE,FALSE,FALSE,0.5,0,0,0,0,0,1,1,1,1
2019-11-05,Bafodia,2,H33,H,3,0,0,0,3,1,0,0,NA,NA,NA,NA,NA,NA,NA,NA,6,2,1,1,0,0,0,0,Bafodia-2-H33,TRUE,FALSE,FALSE,FALSE,0.16666666666666666,0,0,0,0,0,1,1,1,1
2019-11-05,Bafodia,2,H34,H,3,1,0,0,3,1,0,0,NA,NA,NA,NA,NA,NA,NA,NA,6,2,2,2,0,0,0,0,Bafodia-2-H34,TRUE,FALSE,FALSE,FALSE,0.3333333333333333,0,0,0,0,0,1,1,1,1
2019-11-05,Bafodia,2,H35,H,3,0,0,0,3,0,0,0,NA,NA,NA,NA,NA,NA,NA,NA,6,2,NA,0,0,0,0,0,Bafodia-2-H35,FALSE,FALSE,FALSE,TRUE,0,0,0,0,0,0,1,1,1,1
2019-11-05,Bafodia,2,H36,H,3,0,1,0,3,0,0,0,NA,NA,NA,NA,NA,NA,NA,NA,5,2,NA,0,0,0,0,0,Bafodia-2-H36,FALSE,FALSE,FALSE,TRUE,0,0,0,0,0,0,1,1,1,1
2020-01-08,Bafodia,3,H1,H,3,0,0,0,3,0,0,0,NA,NA,NA,NA,NA,NA,NA,NA,6,2,NA,0,0,0,0,0,Bafodia-3-H1,FALSE,FALSE,FALSE,TRUE,0,0,0,0,0,0,1,1,1,0
2020-01-08,Bafodia,3,H2,H,3,0,0,0,3,0,0,0,NA,NA,NA,NA,NA,NA,NA,NA,6,2,NA,0,0,0,0,0,Bafodia-3-H2,FALSE,FALSE,FALSE,TRUE,0,0,0,0,0,0,1,1,1,0
2020-01-08,Bafodia,3,H3,H,3,1,0,0,3,0,0,0,NA,NA,NA,NA,NA,NA,NA,NA,6,2,1,1,0,0,0,0,Bafodia-3-H3,TRUE,FALSE,FALSE,FALSE,0.16666666666666666,0,0,0,0,0,1,1,1,0
2020-01-08,Bafodia,3,H4,H,3,0,0,0,3,0,0,0,NA,NA,NA,NA,NA,NA,NA,NA,6,2,NA,0,0,0,0,0,Bafodia-3-H4,FALSE,FALSE,FALSE,TRUE,0,0,0,0,0,0,1,1,1,0
2020-01-08,Bafodia,3,H5,H,3,0,0,0,3,0,0,0,NA,NA,NA,NA,NA,NA,NA,NA,6,2,NA,0,0,0,0,0,Bafodia-3-H5,FALSE,FALSE,FALSE,TRUE,0,0,0,0,0,0,1,1,1,0
2020-01-08,Bafodia,3,H6,H,3,0,0,0,3,0,0,0,NA,NA,NA,NA,NA,NA,NA,NA,6,2,NA,0,0,0,0,0,Bafodia-3-H6,FALSE,FALSE,FALSE,TRUE,0,0,0,0,0,0,1,1,1,0
2020-01-08,Bafodia,3,H7,H,3,1,0,0,3,0,0,0,NA,NA,NA,NA,NA,NA,NA,NA,6,2,1,1,0,0,0,0,Bafodia-3-H7,TRUE,FALSE,FALSE,FALSE,0.16666666666666666,0,0,0,0,0,1,1,1,0
2020-01-08,Bafodia,3,H8,H,3,0,0,0,3,0,0,0,NA,NA,NA,NA,NA,NA,NA,NA,6,2,NA,0,0,0,0,0,Bafodia-3-H8,FALSE,FALSE,FALSE,TRUE,0,0,0,0,0,0,1,1,1,0
2020-01-08,Bafodia,3,H9,H,3,0,0,0,3,1,0,0,NA,NA,NA,NA,NA,NA,NA,NA,6,2,1,1,0,0,0,0,Bafodia-3-H9,TRUE,FALSE,FALSE,FALSE,0.16666666666666666,0,0,0,0,0,1,1,1,0
2020-01-08,Bafodia,3,H10,H,3,0,0,0,3,0,0,0,NA,NA,NA,NA,NA,NA,NA,NA,6,2,NA,0,0,0,0,0,Bafodia-3-H10,FALSE,FALSE,FALSE,TRUE,0,0,0,0,0,0,1,1,1,0
2020-01-08,Bafodia,3,H11,H,3,0,0,0,3,1,0,0,NA,NA,NA,NA,NA,NA,NA,NA,6,2,1,1,0,0,0,0,Bafodia-3-H11,TRUE,FALSE,FALSE,FALSE,0.16666666666666666,0,0,0,0,0,1,1,1,0
2020-01-08,Bafodia,3,H12,H,3,0,0,0,3,0,0,0,NA,NA,NA,NA,NA,NA,NA,NA,6,2,NA,0,0,0,0,0,Bafodia-3-H12,FALSE,FALSE,FALSE,TRUE,0,0,0,0,0,0,1,1,1,0
2020-01-08,Bafodia,3,H13,H,3,2,0,0,3,1,0,0,NA,NA,NA,NA,NA,NA,NA,NA,6,2,3,3,0,0,0,0,Bafodia-3-H13,TRUE,FALSE,FALSE,FALSE,0.5,0,0,0,0,0,1,1,1,0
2020-01-08,Bafodia,3,H14,H,3,1,0,0,3,0,0,0,NA,NA,NA,NA,NA,NA,NA,NA,6,2,1,1,0,0,0,0,Bafodia-3-H14,TRUE,FALSE,FALSE,FALSE,0.16666666666666666,0,0,0,0,0,1,1,1,0
2020-01-08,Bafodia,3,H15,H,3,1,0,0,3,0,0,0,NA,NA,NA,NA,NA,NA,NA,NA,6,2,1,1,0,0,0,0,Bafodia-3-H15,TRUE,FALSE,FALSE,FALSE,0.16666666666666666,0,0,0,0,0,1,1,1,0
2020-01-08,Bafodia,3,H16,H,3,0,0,0,3,0,0,0,NA,NA,NA,NA,NA,NA,NA,NA,6,2,NA,0,0,0,0,0,Bafodia-3-H16,FALSE,FALSE,FALSE,TRUE,0,0,0,0,0,0,1,1,1,0
2020-01-08,Bafodia,3,H17,H,3,0,0,0,3,0,0,0,NA,NA,NA,NA,NA,NA,NA,NA,6,2,NA,0,0,0,0,0,Bafodia-3-H17,FALSE,FALSE,FALSE,TRUE,0,0,0,0,0,0,1,1,1,0
2020-01-08,Bafodia,3,H18,H,3,0,0,0,3,1,0,0,NA,NA,NA,NA,NA,NA,NA,NA,6,2,1,1,0,0,0,0,Bafodia-3-H18,TRUE,FALSE,FALSE,FALSE,0.16666666666666666,0,0,0,0,0,1,1,1,0
2020-01-08,Bafodia,3,H19,H,3,1,0,0,3,2,0,0,NA,NA,NA,NA,NA,NA,NA,NA,6,2,3,3,0,0,0,0,Bafodia-3-H19,TRUE,FALSE,FALSE,FALSE,0.5,0,0,0,0,0,1,1,1,0
2020-01-08,Bafodia,3,H20,H,3,0,0,0,3,1,0,0,NA,NA,NA,NA,NA,NA,NA,NA,6,2,1,1,0,0,0,0,Bafodia-3-H20,TRUE,FALSE,FALSE,FALSE,0.16666666666666666,0,0,0,0,0,1,1,1,0
2020-03-02,Bafodia,4,H1,H,3,1,0,0,3,0,0,0,NA,NA,NA,NA,NA,NA,NA,NA,6,2,1,1,0,0,0,0,Bafodia-4-H1,TRUE,FALSE,FALSE,FALSE,0.16666666666666666,0,0,0,0,0,1,1,1,0
2020-03-02,Bafodia,4,H2,H,3,1,0,0,3,0,0,0,NA,NA,NA,NA,NA,NA,NA,NA,6,2,1,1,0,0,0,0,Bafodia-4-H2,TRUE,FALSE,FALSE,FALSE,0.16666666666666666,0,0,0,0,0,1,1,1,0
2020-03-02,Bafodia,4,H3,H,3,3,0,0,3,0,0,0,NA,NA,NA,NA,NA,NA,NA,NA,6,2,3,3,0,0,0,0,Bafodia-4-H3,TRUE,FALSE,FALSE,FALSE,0.5,0,0,0,0,0,1,1,1,0
2020-03-02,Bafodia,4,H4,H,3,2,0,0,3,0,0,0,NA,NA,NA,NA,NA,NA,NA,NA,6,2,2,2,0,0,0,0,Bafodia-4-H4,TRUE,FALSE,FALSE,FALSE,0.3333333333333333,0,0,0,0,0,1,1,1,0
2020-03-02,Bafodia,4,H5,H,3,2,0,0,3,0,0,0,NA,NA,NA,NA,NA,NA,NA,NA,6,2,2,2,0,0,0,0,Bafodia-4-H5,TRUE,FALSE,FALSE,FALSE,0.3333333333333333,0,0,0,0,0,1,1,1,0
2020-03-02,Bafodia,4,H6,H,3,1,0,0,3,0,0,0,NA,NA,NA,NA,NA,NA,NA,NA,6,2,1,1,0,0,0,0,Bafodia-4-H6,TRUE,FALSE,FALSE,FALSE,0.16666666666666666,0,0,0,0,0,1,1,1,0
2020-03-02,Bafodia,4,H7,H,3,1,0,0,3,0,0,0,NA,NA,NA,NA,NA,NA,NA,NA,6,2,1,1,0,0,0,0,Bafodia-4-H7,TRUE,FALSE,FALSE,FALSE,0.16666666666666666,0,0,0,0,0,1,1,1,0
2020-03-02,Bafodia,4,H8,H,3,2,0,0,3,0,0,0,NA,NA,NA,NA,NA,NA,NA,NA,6,2,2,2,0,0,0,0,Bafodia-4-H8,TRUE,FALSE,FALSE,FALSE,0.3333333333333333,0,0,0,0,0,1,1,1,0
2020-03-02,Bafodia,4,H9,H,3,1,0,0,3,1,0,0,NA,NA,NA,NA,NA,NA,NA,NA,6,2,2,2,0,0,0,0,Bafodia-4-H9,TRUE,FALSE,FALSE,FALSE,0.3333333333333333,0,0,0,0,0,1,1,1,0
2020-03-02,Bafodia,4,H10,H,3,1,0,0,3,0,0,0,NA,NA,NA,NA,NA,NA,NA,NA,6,2,1,1,0,0,0,0,Bafodia-4-H10,TRUE,FALSE,FALSE,FALSE,0.16666666666666666,0,0,0,0,0,1,1,1,0
2020-03-02,Bafodia,4,H11,H,3,0,0,0,3,2,0,0,NA,NA,NA,NA,NA,NA,NA,NA,6,2,2,2,0,0,0,0,Bafodia-4-H11,TRUE,FALSE,FALSE,FALSE,0.3333333333333333,0,0,0,0,0,1,1,1,0
2020-03-02,Bafodia,4,H12,H,3,0,0,0,3,2,0,0,NA,NA,NA,NA,NA,NA,NA,NA,6,2,2,2,0,0,0,0,Bafodia-4-H12,TRUE,FALSE,FALSE,FALSE,0.3333333333333333,0,0,0,0,0,1,1,1,0
2020-03-02,Bafodia,4,H13,H,3,1,0,0,3,0,0,0,NA,NA,NA,NA,NA,NA,NA,NA,6,2,1,1,0,0,0,0,Bafodia-4-H13,TRUE,FALSE,FALSE,FALSE,0.16666666666666666,0,0,0,0,0,1,1,1,0
2020-03-02,Bafodia,4,H14,H,3,1,0,0,3,0,0,0,NA,NA,NA,NA,NA,NA,NA,NA,6,2,1,1,0,0,0,0,Bafodia-4-H14,TRUE,FALSE,FALSE,FALSE,0.16666666666666666,0,0,0,0,0,1,1,1,0
2020-03-02,Bafodia,4,H15,H,3,3,0,0,3,0,1,0,NA,NA,NA,NA,NA,NA,NA,NA,5,2,3,3,0,0,0,0,Bafodia-4-H15,TRUE,FALSE,FALSE,FALSE,0.6,0,0,0,0,0,1,1,1,0
2020-03-02,Bafodia,4,H16,H,3,0,0,0,3,1,0,0,NA,NA,NA,NA,NA,NA,NA,NA,6,2,1,1,0,0,0,0,Bafodia-4-H16,TRUE,FALSE,FALSE,FALSE,0.16666666666666666,0,0,0,0,0,1,1,1,0
2020-03-02,Bafodia,4,H17,H,3,2,0,0,3,0,0,0,NA,NA,NA,NA,NA,NA,NA,NA,6,2,2,2,0,0,0,0,Bafodia-4-H17,TRUE,FALSE,FALSE,FALSE,0.3333333333333333,0,0,0,0,0,1,1,1,0
2020-03-02,Bafodia,4,H18,H,3,0,1,0,3,1,0,0,NA,NA,NA,NA,NA,NA,NA,NA,5,2,1,1,0,0,0,0,Bafodia-4-H18,TRUE,FALSE,FALSE,FALSE,0.2,0,0,0,0,0,1,1,1,0
2020-03-02,Bafodia,4,H19,H,3,0,0,0,3,0,0,0,NA,NA,NA,NA,NA,NA,NA,NA,6,2,NA,0,0,0,0,0,Bafodia-4-H19,FALSE,FALSE,FALSE,TRUE,0,0,0,0,0,0,1,1,1,0
2020-03-02,Bafodia,4,H20,H,3,0,0,0,3,0,0,0,NA,NA,NA,NA,NA,NA,NA,NA,6,2,NA,0,0,0,0,0,Bafodia-4-H20,FALSE,FALSE,FALSE,TRUE,0,0,0,0,0,0,1,1,1,0
2020-03-02,Bafodia,4,H21,H,3,0,3,0,3,0,0,0,NA,NA,NA,NA,NA,NA,NA,NA,3,2,NA,0,0,0,0,0,Bafodia-4-H21,FALSE,FALSE,FALSE,TRUE,0,0,0,0,0,0,1,1,1,0
2020-03-02,Bafodia,4,H22,H,3,0,0,0,3,0,0,0,NA,NA,NA,NA,NA,NA,NA,NA,6,2,NA,0,0,0,0,0,Bafodia-4-H22,FALSE,FALSE,FALSE,TRUE,0,0,0,0,0,0,1,1,1,0
2020-03-02,Bafodia,4,H23,H,3,0,0,0,3,0,0,0,NA,NA,NA,NA,NA,NA,NA,NA,6,2,NA,0,0,0,0,0,Bafodia-4-H23,FALSE,FALSE,FALSE,TRUE,0,0,0,0,0,0,1,1,1,0
2020-03-02,Bafodia,4,H24,H,3,0,0,0,3,0,0,0,NA,NA,NA,NA,NA,NA,NA,NA,6,2,NA,0,0,0,0,0,Bafodia-4-H24,FALSE,FALSE,FALSE,TRUE,0,0,0,0,0,0,1,1,1,0
2020-03-02,Bafodia,4,H25,H,3,0,2,0,3,0,0,0,NA,NA,NA,NA,NA,NA,NA,NA,4,2,NA,0,0,0,0,0,Bafodia-4-H25,FALSE,FALSE,FALSE,TRUE,0,0,0,0,0,0,1,1,1,0
2020-03-02,Bafodia,4,H26,H,3,0,0,0,3,0,0,0,NA,NA,NA,NA,NA,NA,NA,NA,6,2,NA,0,0,0,0,0,Bafodia-4-H26,FALSE,FALSE,FALSE,TRUE,0,0,0,0,0,0,1,1,1,0
2020-03-02,Bafodia,4,H27,H,3,0,0,0,3,0,0,0,NA,NA,NA,NA,NA,NA,NA,NA,6,2,NA,0,0,0,0,0,Bafodia-4-H27,FALSE,FALSE,FALSE,TRUE,0,0,0,0,0,0,1,1,1,0
2020-03-02,Bafodia,4,H28,H,3,0,0,0,3,0,0,0,NA,NA,NA,NA,NA,NA,NA,NA,6,2,NA,0,0,0,0,0,Bafodia-4-H28,FALSE,FALSE,FALSE,TRUE,0,0,0,0,0,0,1,1,1,0
2020-03-02,Bafodia,4,H29,H,3,0,0,0,3,0,0,0,NA,NA,NA,NA,NA,NA,NA,NA,6,2,NA,0,0,0,0,0,Bafodia-4-H29,FALSE,FALSE,FALSE,TRUE,0,0,0,0,0,0,1,1,1,0
2020-03-02,Bafodia,4,H30,H,3,0,0,0,3,0,0,0,NA,NA,NA,NA,NA,NA,NA,NA,6,2,NA,0,0,0,0,0,Bafodia-4-H30,FALSE,FALSE,FALSE,TRUE,0,0,0,0,0,0,1,1,1,0
2020-12-02,Bafodia,5,H1,H,3,1,0,0,3,0,0,1,NA,NA,NA,NA,NA,NA,NA,NA,5,2,1,1,0,0,0,0,Bafodia-5-H1,TRUE,FALSE,FALSE,FALSE,0.2,0,0,0,0,0,1,1,1,0
2020-12-02,Bafodia,5,H2,H,3,1,0,0,3,0,0,0,NA,NA,NA,NA,NA,NA,NA,NA,6,2,1,1,0,0,0,0,Bafodia-5-H2,TRUE,FALSE,FALSE,FALSE,0.16666666666666666,0,0,0,0,0,1,1,1,0
2020-12-02,Bafodia,5,H3,H,3,1,0,0,3,1,0,0,NA,NA,NA,NA,NA,NA,NA,NA,6,2,2,2,0,0,0,0,Bafodia-5-H3,TRUE,FALSE,FALSE,FALSE,0.3333333333333333,0,0,0,0,0,1,1,1,0
2020-12-02,Bafodia,5,H4,H,3,1,0,0,3,0,0,0,NA,NA,NA,NA,NA,NA,NA,NA,6,2,1,1,0,0,0,0,Bafodia-5-H4,TRUE,FALSE,FALSE,FALSE,0.16666666666666666,0,0,0,0,0,1,1,1,0
2020-12-02,Bafodia,5,H5,H,3,0,0,0,3,1,0,0,NA,NA,NA,NA,NA,NA,NA,NA,6,2,1,1,0,0,0,0,Bafodia-5-H5,TRUE,FALSE,FALSE,FALSE,0.16666666666666666,0,0,0,0,0,1,1,1,0
2020-12-02,Bafodia,5,H6,H,3,1,0,0,3,0,0,0,NA,NA,NA,NA,NA,NA,NA,NA,6,2,1,1,0,0,0,0,Bafodia-5-H6,TRUE,FALSE,FALSE,FALSE,0.16666666666666666,0,0,0,0,0,1,1,1,0
2020-12-02,Bafodia,5,H7,H,3,1,0,0,3,0,0,0,NA,NA,NA,NA,NA,NA,NA,NA,6,2,1,1,0,0,0,0,Bafodia-5-H7,TRUE,FALSE,FALSE,FALSE,0.16666666666666666,0,0,0,0,0,1,1,1,0
2020-12-02,Bafodia,5,H8,H,3,1,0,0,3,0,0,0,NA,NA,NA,NA,NA,NA,NA,NA,6,2,1,1,0,0,0,0,Bafodia-5-H8,TRUE,FALSE,FALSE,FALSE,0.16666666666666666,0,0,0,0,0,1,1,1,0
2020-12-02,Bafodia,5,H9,H,3,0,0,0,3,1,0,0,NA,NA,NA,NA,NA,NA,NA,NA,6,2,1,1,0,0,0,0,Bafodia-5-H9,TRUE,FALSE,FALSE,FALSE,0.16666666666666666,0,0,0,0,0,1,1,1,0
2020-12-02,Bafodia,5,H10,H,3,0,1,0,3,0,0,0,NA,NA,NA,NA,NA,NA,NA,NA,5,2,NA,0,0,0,0,0,Bafodia-5-H10,FALSE,FALSE,FALSE,TRUE,0,0,0,0,0,0,1,1,1,0
2019-07-12,Barlie,1,H1,H,3,0,0,0,3,0,0,0,NA,NA,NA,NA,NA,NA,NA,NA,6,2,NA,0,0,0,0,0,Barlie-1-H1,FALSE,FALSE,FALSE,TRUE,0,0,0,0,0,1,1,0,0,1
2019-07-12,Barlie,1,H2,H,3,0,0,0,3,0,0,0,NA,NA,NA,NA,NA,NA,NA,NA,6,2,NA,0,0,0,0,0,Barlie-1-H2,FALSE,FALSE,FALSE,TRUE,0,0,0,0,0,1,1,0,0,1
2019-07-12,Barlie,1,H3,H,3,0,0,0,3,0,0,0,NA,NA,NA,NA,NA,NA,NA,NA,6,2,NA,0,0,0,0,0,Barlie-1-H3,FALSE,FALSE,FALSE,TRUE,0,0,0,0,0,1,1,0,0,1
2019-07-12,Barlie,1,H4,H,3,0,0,0,3,0,0,0,NA,NA,NA,NA,NA,NA,NA,NA,6,2,NA,0,0,0,0,0,Barlie-1-H4,FALSE,FALSE,FALSE,TRUE,0,0,0,0,0,1,1,0,0,1
2019-07-12,Barlie,1,H5,H,3,0,0,0,3,0,0,0,NA,NA,NA,NA,NA,NA,NA,NA,6,2,NA,0,0,0,0,0,Barlie-1-H5,FALSE,FALSE,FALSE,TRUE,0,0,0,0,0,1,1,0,0,1
2019-07-12,Barlie,1,H6,H,3,0,0,0,3,0,0,0,NA,NA,NA,NA,NA,NA,NA,NA,6,2,NA,0,0,0,0,0,Barlie-1-H6,FALSE,FALSE,FALSE,TRUE,0,0,0,0,0,1,1,0,0,1
2019-07-12,Barlie,1,H7,H,3,1,0,0,3,0,0,0,NA,NA,NA,NA,NA,NA,NA,NA,6,2,1,1,0,0,0,0,Barlie-1-H7,TRUE,FALSE,FALSE,FALSE,0.16666666666666666,0,0,0,0,1,1,0,0,1
2019-07-12,Barlie,1,H8,H,3,0,0,0,3,0,0,0,NA,NA,NA,NA,NA,NA,NA,NA,6,2,NA,0,0,0,0,0,Barlie-1-H8,FALSE,FALSE,FALSE,TRUE,0,0,0,0,0,1,1,0,0,1
2019-07-12,Barlie,1,H9,H,3,0,0,0,3,0,0,0,NA,NA,NA,NA,NA,NA,NA,NA,6,2,NA,0,0,0,0,0,Barlie-1-H9,FALSE,FALSE,FALSE,TRUE,0,0,0,0,0,1,1,0,0,1
2019-07-12,Barlie,1,H10,H,3,0,1,0,3,0,1,0,NA,NA,NA,NA,NA,NA,NA,NA,4,2,NA,0,0,0,0,0,Barlie-1-H10,FALSE,FALSE,FALSE,TRUE,0,0,0,0,0,1,1,0,0,1
2019-10-09,Barlie,2,H1,H,3,1,0,0,3,0,0,0,NA,NA,NA,NA,NA,NA,NA,NA,6,2,1,0,1,0,0,0,Barlie-2-H1,FALSE,TRUE,FALSE,FALSE,0,1,0,0,0,1,1,0,0,1
2019-10-09,Barlie,2,H2,H,3,0,0,0,3,0,0,0,NA,NA,NA,NA,NA,NA,NA,NA,6,2,NA,0,0,0,0,0,Barlie-2-H2,FALSE,FALSE,FALSE,TRUE,0,0,0,0,0,1,1,0,0,1
2019-10-09,Barlie,2,H3,H,3,0,0,0,3,0,0,0,NA,NA,NA,NA,NA,NA,NA,NA,6,2,NA,0,0,0,0,0,Barlie-2-H3,FALSE,FALSE,FALSE,TRUE,0,0,0,0,0,1,1,0,0,1
2019-10-09,Barlie,2,H4,H,3,0,0,0,3,0,0,0,NA,NA,NA,NA,NA,NA,NA,NA,6,2,NA,0,0,0,0,0,Barlie-2-H4,FALSE,FALSE,FALSE,TRUE,0,0,0,0,0,1,1,0,0,1
2019-10-09,Barlie,2,H5,H,3,0,0,0,3,0,0,0,NA,NA,NA,NA,NA,NA,NA,NA,6,2,NA,0,0,0,0,0,Barlie-2-H5,FALSE,FALSE,FALSE,TRUE,0,0,0,0,0,1,1,0,0,1
2019-10-09,Barlie,2,H6,H,3,0,0,0,3,0,0,0,NA,NA,NA,NA,NA,NA,NA,NA,6,2,NA,0,0,0,0,0,Barlie-2-H6,FALSE,FALSE,FALSE,TRUE,0,0,0,0,0,1,1,0,0,1
2019-10-09,Barlie,2,H7,H,3,0,0,0,3,0,0,0,NA,NA,NA,NA,NA,NA,NA,NA,6,2,NA,0,0,0,0,0,Barlie-2-H7,FALSE,FALSE,FALSE,TRUE,0,0,0,0,0,1,1,0,0,1
2019-12-12,Barlie,3,H1,H,3,0,0,0,3,0,0,0,NA,NA,NA,NA,NA,NA,NA,NA,6,2,NA,0,0,0,0,0,Barlie-3-H1,FALSE,FALSE,FALSE,TRUE,0,0,0,0,0,1,1,0,0,0
2019-12-12,Barlie,3,H2,H,3,0,0,0,3,0,0,0,NA,NA,NA,NA,NA,NA,NA,NA,6,2,NA,0,0,0,0,0,Barlie-3-H2,FALSE,FALSE,FALSE,TRUE,0,0,0,0,0,1,1,0,0,0
2019-12-12,Barlie,3,H3,H,3,1,0,0,3,0,0,0,NA,NA,NA,NA,NA,NA,NA,NA,6,2,1,1,0,0,0,0,Barlie-3-H3,TRUE,FALSE,FALSE,FALSE,0.16666666666666666,0,0,0,0,1,1,0,0,0
2019-12-12,Barlie,3,H4,H,3,0,0,0,3,0,0,0,NA,NA,NA,NA,NA,NA,NA,NA,6,2,NA,0,0,0,0,0,Barlie-3-H4,FALSE,FALSE,FALSE,TRUE,0,0,0,0,0,1,1,0,0,0
2019-12-12,Barlie,3,H5,H,3,0,0,0,3,0,0,0,NA,NA,NA,NA,NA,NA,NA,NA,6,2,NA,0,0,0,0,0,Barlie-3-H5,FALSE,FALSE,FALSE,TRUE,0,0,0,0,0,1,1,0,0,0
2019-12-12,Barlie,3,H6,H,3,0,0,0,3,0,0,0,NA,NA,NA,NA,NA,NA,NA,NA,6,2,NA,0,0,0,0,0,Barlie-3-H6,FALSE,FALSE,FALSE,TRUE,0,0,0,0,0,1,1,0,0,0
2019-12-12,Barlie,3,H7,H,3,0,0,0,3,0,0,0,NA,NA,NA,NA,NA,NA,NA,NA,6,2,NA,0,0,0,0,0,Barlie-3-H7,FALSE,FALSE,FALSE,TRUE,0,0,0,0,0,1,1,0,0,0
2019-12-12,Barlie,3,H8,H,3,0,0,0,3,0,0,0,NA,NA,NA,NA,NA,NA,NA,NA,6,2,NA,0,0,0,0,0,Barlie-3-H8,FALSE,FALSE,FALSE,TRUE,0,0,0,0,0,1,1,0,0,0
2019-12-12,Barlie,3,H9,H,3,0,0,0,3,0,0,0,NA,NA,NA,NA,NA,NA,NA,NA,6,2,NA,0,0,0,0,0,Barlie-3-H9,FALSE,FALSE,FALSE,TRUE,0,0,0,0,0,1,1,0,0,0
2019-12-12,Barlie,3,H10,H,3,0,0,0,3,0,0,0,NA,NA,NA,NA,NA,NA,NA,NA,6,2,NA,0,0,0,0,0,Barlie-3-H10,FALSE,FALSE,FALSE,TRUE,0,0,0,0,0,1,1,0,0,0
2020-02-05,Barlie,4,H1,H,3,0,0,0,3,0,0,0,NA,NA,NA,NA,NA,NA,NA,NA,6,2,NA,0,0,0,0,0,Barlie-4-H1,FALSE,FALSE,FALSE,TRUE,0,0,0,0,0,1,1,0,0,0
2020-02-05,Barlie,4,H2,H,3,0,0,0,3,0,0,0,NA,NA,NA,NA,NA,NA,NA,NA,6,2,NA,0,0,0,0,0,Barlie-4-H2,FALSE,FALSE,FALSE,TRUE,0,0,0,0,0,1,1,0,0,0
2020-02-05,Barlie,4,H3,H,3,0,0,0,3,0,0,0,NA,NA,NA,NA,NA,NA,NA,NA,6,2,NA,0,0,0,0,0,Barlie-4-H3,FALSE,FALSE,FALSE,TRUE,0,0,0,0,0,1,1,0,0,0
2020-02-05,Barlie,4,H4,H,3,0,0,0,3,0,0,0,NA,NA,NA,NA,NA,NA,NA,NA,6,2,NA,0,0,0,0,0,Barlie-4-H4,FALSE,FALSE,FALSE,TRUE,0,0,0,0,0,1,1,0,0,0
2020-02-05,Barlie,4,H5,H,3,0,0,0,3,0,0,0,NA,NA,NA,NA,NA,NA,NA,NA,6,2,NA,0,0,0,0,0,Barlie-4-H5,FALSE,FALSE,FALSE,TRUE,0,0,0,0,0,1,1,0,0,0
2020-02-05,Barlie,4,H6,H,3,0,0,0,3,0,0,0,NA,NA,NA,NA,NA,NA,NA,NA,6,2,NA,0,0,0,0,0,Barlie-4-H6,FALSE,FALSE,FALSE,TRUE,0,0,0,0,0,1,1,0,0,0
2020-02-05,Barlie,4,H7,H,3,0,0,0,3,0,0,0,NA,NA,NA,NA,NA,NA,NA,NA,6,2,NA,0,0,0,0,0,Barlie-4-H7,FALSE,FALSE,FALSE,TRUE,0,0,0,0,0,1,1,0,0,0
2020-02-05,Barlie,4,H8,H,3,0,0,0,3,0,0,0,NA,NA,NA,NA,NA,NA,NA,NA,6,2,NA,0,0,0,0,0,Barlie-4-H8,FALSE,FALSE,FALSE,TRUE,0,0,0,0,0,1,1,0,0,0
2020-02-05,Barlie,4,H9,H,3,0,0,0,3,1,0,0,NA,NA,NA,NA,NA,NA,NA,NA,6,2,1,0,1,0,0,0,Barlie-4-H9,FALSE,TRUE,FALSE,FALSE,0,1,0,0,0,1,1,0,0,0
2020-02-05,Barlie,4,H10,H,3,0,0,0,3,1,0,0,NA,NA,NA,NA,NA,NA,NA,NA,6,2,1,0,1,0,0,0,Barlie-4-H10,FALSE,TRUE,FALSE,FALSE,0,1,0,0,0,1,1,0,0,0
2019-07-10,Benduma,1,H1,H,3,0,0,0,3,0,0,0,NA,NA,NA,NA,NA,NA,NA,NA,6,2,NA,0,0,0,0,0,Benduma-1-H1,FALSE,FALSE,FALSE,TRUE,0,0,0,0,0,1,0,0,0,1
2019-07-10,Benduma,1,H2,H,3,1,0,0,3,0,1,0,NA,NA,NA,NA,NA,NA,NA,NA,5,2,1,1,0,0,0,0,Benduma-1-H2,TRUE,FALSE,FALSE,FALSE,0.2,0,0,0,0,1,0,0,0,1
2019-07-10,Benduma,1,H3,H,3,0,0,0,3,0,2,0,NA,NA,NA,NA,NA,NA,NA,NA,4,2,NA,0,0,0,0,0,Benduma-1-H3,FALSE,FALSE,FALSE,TRUE,0,0,0,0,0,1,0,0,0,1
2019-07-10,Benduma,1,H4,H,3,0,1,0,3,0,0,0,NA,NA,NA,NA,NA,NA,NA,NA,5,2,NA,0,0,0,0,0,Benduma-1-H4,FALSE,FALSE,FALSE,TRUE,0,0,0,0,0,1,0,0,0,1
2019-07-10,Benduma,1,H5,H,3,0,0,0,3,0,2,0,NA,NA,NA,NA,NA,NA,NA,NA,4,2,NA,0,0,0,0,0,Benduma-1-H5,FALSE,FALSE,FALSE,TRUE,0,0,0,0,0,1,0,0,0,1
2019-07-10,Benduma,1,H6,H,3,0,0,0,3,0,0,0,NA,NA,NA,NA,NA,NA,NA,NA,6,2,NA,0,0,0,0,0,Benduma-1-H6,FALSE,FALSE,FALSE,TRUE,0,0,0,0,0,1,0,0,0,1
2019-07-10,Benduma,1,H7,H,3,0,0,0,3,0,1,0,NA,NA,NA,NA,NA,NA,NA,NA,5,2,NA,0,0,0,0,0,Benduma-1-H7,FALSE,FALSE,FALSE,TRUE,0,0,0,0,0,1,0,0,0,1
2019-07-10,Benduma,1,H8,H,3,0,0,0,3,0,0,0,NA,NA,NA,NA,NA,NA,NA,NA,6,2,NA,0,0,0,0,0,Benduma-1-H8,FALSE,FALSE,FALSE,TRUE,0,0,0,0,0,1,0,0,0,1
2019-07-10,Benduma,1,H9,H,3,1,0,0,3,0,0,0,NA,NA,NA,NA,NA,NA,NA,NA,6,2,1,1,0,0,0,0,Benduma-1-H9,TRUE,FALSE,FALSE,FALSE,0.16666666666666666,0,0,0,0,1,0,0,0,1
2019-07-10,Benduma,1,H10,H,3,0,0,0,3,0,0,0,NA,NA,NA,NA,NA,NA,NA,NA,6,2,NA,0,0,0,0,0,Benduma-1-H10,FALSE,FALSE,FALSE,TRUE,0,0,0,0,0,1,0,0,0,1
2019-07-10,Benduma,1,H11,H,3,0,0,0,3,0,0,0,NA,NA,NA,NA,NA,NA,NA,NA,6,2,NA,0,0,0,0,0,Benduma-1-H11,FALSE,FALSE,FALSE,TRUE,0,0,0,0,0,1,0,0,0,1
2019-07-10,Benduma,1,H12,H,3,1,0,0,3,0,0,0,NA,NA,NA,NA,NA,NA,NA,NA,6,2,1,1,0,0,0,0,Benduma-1-H12,TRUE,FALSE,FALSE,FALSE,0.16666666666666666,0,0,0,0,1,0,0,0,1
2019-07-10,Benduma,1,H13,H,3,0,0,0,3,0,0,0,NA,NA,NA,NA,NA,NA,NA,NA,6,2,NA,0,0,0,0,0,Benduma-1-H13,FALSE,FALSE,FALSE,TRUE,0,0,0,0,0,1,0,0,0,1
2019-07-10,Benduma,1,H14,H,3,0,0,0,3,0,0,0,NA,NA,NA,NA,NA,NA,NA,NA,6,2,NA,0,0,0,0,0,Benduma-1-H14,FALSE,FALSE,FALSE,TRUE,0,0,0,0,0,1,0,0,0,1
2019-07-10,Benduma,1,H15,H,3,0,1,0,3,0,0,0,NA,NA,NA,NA,NA,NA,NA,NA,5,2,NA,0,0,0,0,0,Benduma-1-H15,FALSE,FALSE,FALSE,TRUE,0,0,0,0,0,1,0,0,0,1
2019-10-13,Benduma,2,H1,H,3,0,0,0,3,0,0,0,NA,NA,NA,NA,NA,NA,NA,NA,6,2,NA,0,0,0,0,0,Benduma-2-H1,FALSE,FALSE,FALSE,TRUE,0,0,0,0,0,1,0,0,0,1
2019-10-13,Benduma,2,H2,H,3,0,0,0,3,0,0,0,NA,NA,NA,NA,NA,NA,NA,NA,6,2,NA,0,0,0,0,0,Benduma-2-H2,FALSE,FALSE,FALSE,TRUE,0,0,0,0,0,1,0,0,0,1
2019-10-13,Benduma,2,H3,H,3,0,0,0,3,0,0,0,NA,NA,NA,NA,NA,NA,NA,NA,6,2,NA,0,0,0,0,0,Benduma-2-H3,FALSE,FALSE,FALSE,TRUE,0,0,0,0,0,1,0,0,0,1
2019-10-13,Benduma,2,H4,H,3,0,0,0,3,0,0,0,NA,NA,NA,NA,NA,NA,NA,NA,6,2,NA,0,0,0,0,0,Benduma-2-H4,FALSE,FALSE,FALSE,TRUE,0,0,0,0,0,1,0,0,0,1
2019-10-13,Benduma,2,H5,H,3,0,0,0,3,0,0,0,NA,NA,NA,NA,NA,NA,NA,NA,6,2,NA,0,0,0,0,0,Benduma-2-H5,FALSE,FALSE,FALSE,TRUE,0,0,0,0,0,1,0,0,0,1
2019-10-13,Benduma,2,H6,H,3,0,0,0,3,0,0,0,NA,NA,NA,NA,NA,NA,NA,NA,6,2,NA,0,0,0,0,0,Benduma-2-H6,FALSE,FALSE,FALSE,TRUE,0,0,0,0,0,1,0,0,0,1
2019-10-13,Benduma,2,H7,H,3,0,0,0,3,0,0,0,NA,NA,NA,NA,NA,NA,NA,NA,6,2,NA,0,0,0,0,0,Benduma-2-H7,FALSE,FALSE,FALSE,TRUE,0,0,0,0,0,1,0,0,0,1
2019-10-13,Benduma,2,H8,H,3,0,0,0,3,0,0,0,NA,NA,NA,NA,NA,NA,NA,NA,6,2,NA,0,0,0,0,0,Benduma-2-H8,FALSE,FALSE,FALSE,TRUE,0,0,0,0,0,1,0,0,0,1
2019-10-13,Benduma,2,H9,H,3,0,0,0,3,0,0,0,NA,NA,NA,NA,NA,NA,NA,NA,6,2,NA,0,0,0,0,0,Benduma-2-H9,FALSE,FALSE,FALSE,TRUE,0,0,0,0,0,1,0,0,0,1
2019-10-13,Benduma,2,H10,H,3,0,0,0,3,0,0,0,NA,NA,NA,NA,NA,NA,NA,NA,6,2,NA,0,0,0,0,0,Benduma-2-H10,FALSE,FALSE,FALSE,TRUE,0,0,0,0,0,1,0,0,0,1
2019-12-14,Benduma,3,H1,H,3,0,0,0,3,0,0,0,NA,NA,NA,NA,NA,NA,NA,NA,6,2,NA,0,0,0,0,0,Benduma-3-H1,FALSE,FALSE,FALSE,TRUE,0,0,0,0,0,1,0,0,0,0
2019-12-14,Benduma,3,H2,H,3,0,0,0,3,0,0,0,NA,NA,NA,NA,NA,NA,NA,NA,6,2,NA,0,0,0,0,0,Benduma-3-H2,FALSE,FALSE,FALSE,TRUE,0,0,0,0,0,1,0,0,0,0
2019-12-14,Benduma,3,H3,H,3,0,0,0,3,0,0,0,NA,NA,NA,NA,NA,NA,NA,NA,6,2,NA,0,0,0,0,0,Benduma-3-H3,FALSE,FALSE,FALSE,TRUE,0,0,0,0,0,1,0,0,0,0
2019-12-14,Benduma,3,H4,H,3,0,0,0,3,1,0,0,NA,NA,NA,NA,NA,NA,NA,NA,6,2,1,1,0,0,0,0,Benduma-3-H4,TRUE,FALSE,FALSE,FALSE,0.16666666666666666,0,0,0,0,1,0,0,0,0
2019-12-14,Benduma,3,H5,H,3,2,0,0,3,0,0,0,NA,NA,NA,NA,NA,NA,NA,NA,6,2,2,2,0,0,0,0,Benduma-3-H5,TRUE,FALSE,FALSE,FALSE,0.3333333333333333,0,0,0,0,1,0,0,0,0
2019-12-14,Benduma,3,H6,H,3,0,0,0,3,0,0,0,NA,NA,NA,NA,NA,NA,NA,NA,6,2,NA,0,0,0,0,0,Benduma-3-H6,FALSE,FALSE,FALSE,TRUE,0,0,0,0,0,1,0,0,0,0
2019-12-14,Benduma,3,H7,H,3,0,0,0,3,0,0,0,NA,NA,NA,NA,NA,NA,NA,NA,6,2,NA,0,0,0,0,0,Benduma-3-H7,FALSE,FALSE,FALSE,TRUE,0,0,0,0,0,1,0,0,0,0
2019-12-14,Benduma,3,H8,H,3,0,0,0,3,0,0,0,NA,NA,NA,NA,NA,NA,NA,NA,6,2,NA,0,0,0,0,0,Benduma-3-H8,FALSE,FALSE,FALSE,TRUE,0,0,0,0,0,1,0,0,0,0
2019-12-14,Benduma,3,H9,H,3,0,0,0,3,0,0,0,NA,NA,NA,NA,NA,NA,NA,NA,6,2,NA,0,0,0,0,0,Benduma-3-H9,FALSE,FALSE,FALSE,TRUE,0,0,0,0,0,1,0,0,0,0
2019-12-14,Benduma,3,H10,H,3,0,0,0,3,0,0,0,NA,NA,NA,NA,NA,NA,NA,NA,6,2,NA,0,0,0,0,0,Benduma-3-H10,FALSE,FALSE,FALSE,TRUE,0,0,0,0,0,1,0,0,0,0
2019-12-14,Benduma,3,H11,H,3,0,0,0,3,0,0,0,NA,NA,NA,NA,NA,NA,NA,NA,6,2,NA,0,0,0,0,0,Benduma-3-H11,FALSE,FALSE,FALSE,TRUE,0,0,0,0,0,1,0,0,0,0
2019-12-14,Benduma,3,H12,H,3,0,0,0,3,0,0,0,NA,NA,NA,NA,NA,NA,NA,NA,6,2,NA,0,0,0,0,0,Benduma-3-H12,FALSE,FALSE,FALSE,TRUE,0,0,0,0,0,1,0,0,0,0
2019-12-14,Benduma,3,H13,H,3,0,0,0,3,0,0,0,NA,NA,NA,NA,NA,NA,NA,NA,6,2,NA,0,0,0,0,0,Benduma-3-H13,FALSE,FALSE,FALSE,TRUE,0,0,0,0,0,1,0,0,0,0
2019-12-14,Benduma,3,H14,H,3,0,0,0,3,0,0,0,NA,NA,NA,NA,NA,NA,NA,NA,6,2,NA,0,0,0,0,0,Benduma-3-H14,FALSE,FALSE,FALSE,TRUE,0,0,0,0,0,1,0,0,0,0
2019-12-14,Benduma,3,H15,H,3,0,0,0,3,0,0,0,NA,NA,NA,NA,NA,NA,NA,NA,6,2,NA,0,0,0,0,0,Benduma-3-H15,FALSE,FALSE,FALSE,TRUE,0,0,0,0,0,1,0,0,0,0
2020-02-07,Benduma,4,H1,H,3,1,0,0,3,0,0,0,NA,NA,NA,NA,NA,NA,NA,NA,6,2,1,1,0,0,0,0,Benduma-4-H1,TRUE,FALSE,FALSE,FALSE,0.16666666666666666,0,0,0,0,1,0,0,0,0
2020-02-07,Benduma,4,H2,H,3,0,0,0,3,0,0,0,NA,NA,NA,NA,NA,NA,NA,NA,6,2,NA,0,0,0,0,0,Benduma-4-H2,FALSE,FALSE,FALSE,TRUE,0,0,0,0,0,1,0,0,0,0
2020-02-07,Benduma,4,H3,H,3,0,0,0,3,0,0,0,NA,NA,NA,NA,NA,NA,NA,NA,6,2,NA,0,0,0,0,0,Benduma-4-H3,FALSE,FALSE,FALSE,TRUE,0,0,0,0,0,1,0,0,0,0
2020-02-07,Benduma,4,H4,H,3,0,0,0,3,0,0,0,NA,NA,NA,NA,NA,NA,NA,NA,6,2,NA,0,0,0,0,0,Benduma-4-H4,FALSE,FALSE,FALSE,TRUE,0,0,0,0,0,1,0,0,0,0
2020-02-07,Benduma,4,H5,H,3,0,0,0,3,0,0,0,NA,NA,NA,NA,NA,NA,NA,NA,6,2,NA,0,0,0,0,0,Benduma-4-H5,FALSE,FALSE,FALSE,TRUE,0,0,0,0,0,1,0,0,0,0
2020-02-07,Benduma,4,H6,H,3,1,0,0,3,0,0,0,NA,NA,NA,NA,NA,NA,NA,NA,6,2,1,1,0,0,0,0,Benduma-4-H6,TRUE,FALSE,FALSE,FALSE,0.16666666666666666,0,0,0,0,1,0,0,0,0
2020-02-07,Benduma,4,H7,H,3,0,0,0,3,0,0,0,NA,NA,NA,NA,NA,NA,NA,NA,6,2,NA,0,0,0,0,0,Benduma-4-H7,FALSE,FALSE,FALSE,TRUE,0,0,0,0,0,1,0,0,0,0
2020-02-07,Benduma,4,H8,H,3,0,0,0,3,0,0,0,NA,NA,NA,NA,NA,NA,NA,NA,6,2,NA,0,0,0,0,0,Benduma-4-H8,FALSE,FALSE,FALSE,TRUE,0,0,0,0,0,1,0,0,0,0
2020-02-07,Benduma,4,H9,H,3,0,0,0,3,0,0,0,NA,NA,NA,NA,NA,NA,NA,NA,6,2,NA,0,0,0,0,0,Benduma-4-H9,FALSE,FALSE,FALSE,TRUE,0,0,0,0,0,1,0,0,0,0
2020-02-07,Benduma,4,H10,H,3,0,0,0,3,0,0,0,NA,NA,NA,NA,NA,NA,NA,NA,6,2,NA,0,0,0,0,0,Benduma-4-H10,FALSE,FALSE,FALSE,TRUE,0,0,0,0,0,1,0,0,0,0
2020-02-07,Benduma,4,H11,H,3,0,0,0,3,0,0,0,NA,NA,NA,NA,NA,NA,NA,NA,6,2,NA,0,0,0,0,0,Benduma-4-H11,FALSE,FALSE,FALSE,TRUE,0,0,0,0,0,1,0,0,0,0
2020-02-07,Benduma,4,H12,H,3,0,0,0,3,0,0,0,NA,NA,NA,NA,NA,NA,NA,NA,6,2,NA,0,0,0,0,0,Benduma-4-H12,FALSE,FALSE,FALSE,TRUE,0,0,0,0,0,1,0,0,0,0
2020-02-07,Benduma,4,H13,H,3,0,0,0,3,0,0,0,NA,NA,NA,NA,NA,NA,NA,NA,6,2,NA,0,0,0,0,0,Benduma-4-H13,FALSE,FALSE,FALSE,TRUE,0,0,0,0,0,1,0,0,0,0
2020-02-07,Benduma,4,H14,H,3,0,0,0,3,1,0,0,NA,NA,NA,NA,NA,NA,NA,NA,6,2,1,0,1,0,0,0,Benduma-4-H14,FALSE,TRUE,FALSE,FALSE,0,1,0,0,0,1,0,0,0,0
2021-01-13,Gbainkfay,5,H1,H,3,0,0,0,3,0,0,0,3,0,0,0,3,0,0,0,12,4,NA,0,0,0,0,0,Gbainkfay-5-H1,FALSE,FALSE,FALSE,TRUE,0,0,0,0,0,1,1,1,1,0
2021-01-13,Gbainkfay,5,H2,H,3,0,0,0,3,0,0,0,3,0,0,0,3,0,0,0,12,4,NA,0,0,0,0,0,Gbainkfay-5-H2,FALSE,FALSE,FALSE,TRUE,0,0,0,0,0,1,1,1,1,0
2021-01-13,Gbainkfay,5,H3,H,3,0,0,0,3,1,0,0,3,0,0,0,3,1,0,0,12,4,2,0,2,0,0,0,Gbainkfay-5-H3,FALSE,TRUE,FALSE,FALSE,0,1,0,0,0,1,1,1,1,0
2021-01-13,Gbainkfay,5,H4,H,3,0,0,0,3,0,0,0,3,0,0,0,3,1,0,0,12,4,1,0,1,0,0,0,Gbainkfay-5-H4,FALSE,TRUE,FALSE,FALSE,0,1,0,0,0,1,1,1,1,0
2021-01-13,Gbainkfay,5,H5,H,3,1,0,0,3,2,0,0,3,1,0,0,3,0,0,0,12,4,4,0,4,0,0,0,Gbainkfay-5-H5,FALSE,TRUE,FALSE,FALSE,0,1,0,0,0,1,1,1,1,0
2021-01-13,Gbainkfay,5,H6,H,3,1,0,0,3,1,0,0,3,0,0,0,3,0,0,0,12,4,2,0,2,0,0,0,Gbainkfay-5-H6,FALSE,TRUE,FALSE,FALSE,0,1,0,0,0,1,1,1,1,0
2019-08-30,Gbenikoro,1,H1,H,3,0,0,0,3,0,0,0,NA,NA,NA,NA,NA,NA,NA,NA,6,2,NA,0,0,0,0,0,Gbenikoro-1-H1,FALSE,FALSE,FALSE,TRUE,0,0,0,0,0,0,0,0,1,1
2019-08-30,Gbenikoro,1,H2,H,3,0,0,0,3,0,0,0,NA,NA,NA,NA,NA,NA,NA,NA,6,2,NA,0,0,0,0,0,Gbenikoro-1-H2,FALSE,FALSE,FALSE,TRUE,0,0,0,0,0,0,0,0,1,1
2019-08-30,Gbenikoro,1,H3,H,3,0,0,0,3,0,0,0,NA,NA,NA,NA,NA,NA,NA,NA,6,2,NA,0,0,0,0,0,Gbenikoro-1-H3,FALSE,FALSE,FALSE,TRUE,0,0,0,0,0,0,0,0,1,1
2019-08-17,Guala,1,H1,H,3,0,0,0,3,0,0,0,NA,NA,NA,NA,NA,NA,NA,NA,6,2,NA,0,0,0,0,0,Guala-1-H1,FALSE,FALSE,FALSE,TRUE,0,0,0,0,0,1,0,0,1,1
2019-08-17,Guala,1,H2,H,3,0,0,0,3,1,0,0,NA,NA,NA,NA,NA,NA,NA,NA,6,2,1,0,1,0,0,0,Guala-1-H2,FALSE,TRUE,FALSE,FALSE,0,1,0,0,0,1,0,0,1,1
2019-08-17,Guala,1,H3,H,3,0,0,0,3,0,0,0,NA,NA,NA,NA,NA,NA,NA,NA,6,2,NA,0,0,0,0,0,Guala-1-H3,FALSE,FALSE,FALSE,TRUE,0,0,0,0,0,1,0,0,1,1
2019-08-17,Guala,1,H4,H,3,0,0,0,3,1,0,0,NA,NA,NA,NA,NA,NA,NA,NA,6,2,1,0,1,0,0,0,Guala-1-H4,FALSE,TRUE,FALSE,FALSE,0,1,0,0,0,1,0,0,1,1
2019-08-17,Guala,1,H5,H,3,0,0,0,3,0,0,0,NA,NA,NA,NA,NA,NA,NA,NA,6,2,NA,0,0,0,0,0,Guala-1-H5,FALSE,FALSE,FALSE,TRUE,0,0,0,0,0,1,0,0,1,1
2019-08-17,Guala,1,H6,H,3,0,0,0,3,0,0,0,NA,NA,NA,NA,NA,NA,NA,NA,6,2,NA,0,0,0,0,0,Guala-1-H6,FALSE,FALSE,FALSE,TRUE,0,0,0,0,0,1,0,0,1,1
2019-08-17,Guala,1,H7,H,3,0,0,0,3,0,0,0,NA,NA,NA,NA,NA,NA,NA,NA,6,2,NA,0,0,0,0,0,Guala-1-H7,FALSE,FALSE,FALSE,TRUE,0,0,0,0,0,1,0,0,1,1
2019-08-17,Guala,1,H8,H,3,0,0,0,3,0,0,0,NA,NA,NA,NA,NA,NA,NA,NA,6,2,NA,0,0,0,0,0,Guala-1-H8,FALSE,FALSE,FALSE,TRUE,0,0,0,0,0,1,0,0,1,1
2019-08-17,Guala,1,H9,H,3,1,0,0,3,2,0,0,NA,NA,NA,NA,NA,NA,NA,NA,6,2,3,0,3,0,0,0,Guala-1-H9,FALSE,TRUE,FALSE,FALSE,0,1,0,0,0,1,0,0,1,1
2019-08-17,Guala,1,H10,H,3,0,0,0,3,0,0,0,NA,NA,NA,NA,NA,NA,NA,NA,6,2,NA,0,0,0,0,0,Guala-1-H10,FALSE,FALSE,FALSE,TRUE,0,0,0,0,0,1,0,0,1,1
2019-08-17,Guala,1,H11,H,3,2,0,0,3,2,0,0,NA,NA,NA,NA,NA,NA,NA,NA,6,2,4,0,4,0,0,0,Guala-1-H11,FALSE,TRUE,FALSE,FALSE,0,1,0,0,0,1,0,0,1,1
2019-08-17,Guala,1,H12,H,3,0,0,0,3,0,0,0,NA,NA,NA,NA,NA,NA,NA,NA,6,2,NA,0,0,0,0,0,Guala-1-H12,FALSE,FALSE,FALSE,TRUE,0,0,0,0,0,1,0,0,1,1
2019-10-22,Guala,2,H1,H,3,0,0,0,3,0,0,0,NA,NA,NA,NA,NA,NA,NA,NA,6,2,NA,0,0,0,0,0,Guala-2-H1,FALSE,FALSE,FALSE,TRUE,0,0,0,0,0,1,0,0,1,1
2019-10-22,Guala,2,H2,H,3,0,0,0,3,0,0,0,NA,NA,NA,NA,NA,NA,NA,NA,6,2,NA,0,0,0,0,0,Guala-2-H2,FALSE,FALSE,FALSE,TRUE,0,0,0,0,0,1,0,0,1,1
2019-10-22,Guala,2,H3,H,3,0,0,0,3,0,0,0,NA,NA,NA,NA,NA,NA,NA,NA,6,2,NA,0,0,0,0,0,Guala-2-H3,FALSE,FALSE,FALSE,TRUE,0,0,0,0,0,1,0,0,1,1
2019-10-22,Guala,2,H4,H,3,0,0,0,3,0,0,0,NA,NA,NA,NA,NA,NA,NA,NA,6,2,NA,0,0,0,0,0,Guala-2-H4,FALSE,FALSE,FALSE,TRUE,0,0,0,0,0,1,0,0,1,1
2019-10-22,Guala,2,H5,H,3,0,0,0,3,0,0,0,NA,NA,NA,NA,NA,NA,NA,NA,6,2,NA,0,0,0,0,0,Guala-2-H5,FALSE,FALSE,FALSE,TRUE,0,0,0,0,0,1,0,0,1,1
2019-10-22,Guala,2,H6,H,3,0,0,0,3,2,0,0,NA,NA,NA,NA,NA,NA,NA,NA,6,2,2,0,2,0,0,0,Guala-2-H6,FALSE,TRUE,FALSE,FALSE,0,1,0,0,0,1,0,0,1,1
2019-10-22,Guala,2,H7,H,3,0,0,0,3,0,0,0,NA,NA,NA,NA,NA,NA,NA,NA,6,2,NA,0,0,0,0,0,Guala-2-H7,FALSE,FALSE,FALSE,TRUE,0,0,0,0,0,1,0,0,1,1
2019-10-22,Guala,2,H8,H,3,0,0,0,3,0,0,0,NA,NA,NA,NA,NA,NA,NA,NA,6,2,NA,0,0,0,0,0,Guala-2-H8,FALSE,FALSE,FALSE,TRUE,0,0,0,0,0,1,0,0,1,1
2019-10-22,Guala,2,H9,H,3,0,0,0,3,0,0,0,NA,NA,NA,NA,NA,NA,NA,NA,6,2,NA,0,0,0,0,0,Guala-2-H9,FALSE,FALSE,FALSE,TRUE,0,0,0,0,0,1,0,0,1,1
2019-10-22,Guala,2,H10,H,3,0,0,0,3,0,0,0,NA,NA,NA,NA,NA,NA,NA,NA,6,2,NA,0,0,0,0,0,Guala-2-H10,FALSE,FALSE,FALSE,TRUE,0,0,0,0,0,1,0,0,1,1
2019-10-22,Guala,2,H11,H,3,0,0,0,3,0,0,0,NA,NA,NA,NA,NA,NA,NA,NA,6,2,NA,0,0,0,0,0,Guala-2-H11,FALSE,FALSE,FALSE,TRUE,0,0,0,0,0,1,0,0,1,1
2019-10-22,Guala,2,H12,H,3,0,0,0,3,1,0,0,NA,NA,NA,NA,NA,NA,NA,NA,6,2,1,0,0,0,0,1,Guala-2-H12,FALSE,FALSE,FALSE,TRUE,0,0,0,0,1,1,0,0,1,1
2019-12-18,Guala,3,H1,H,3,0,0,0,3,0,0,0,NA,NA,NA,NA,NA,NA,NA,NA,6,2,NA,0,0,0,0,0,Guala-3-H1,FALSE,FALSE,FALSE,TRUE,0,0,0,0,0,1,0,0,1,0
2019-12-18,Guala,3,H2,H,3,0,0,0,3,0,0,0,NA,NA,NA,NA,NA,NA,NA,NA,6,2,NA,0,0,0,0,0,Guala-3-H2,FALSE,FALSE,FALSE,TRUE,0,0,0,0,0,1,0,0,1,0
2019-12-18,Guala,3,H3,H,3,0,0,0,3,0,0,0,NA,NA,NA,NA,NA,NA,NA,NA,6,2,NA,0,0,0,0,0,Guala-3-H3,FALSE,FALSE,FALSE,TRUE,0,0,0,0,0,1,0,0,1,0
2019-12-18,Guala,3,H4,H,3,0,0,0,3,0,0,0,NA,NA,NA,NA,NA,NA,NA,NA,6,2,NA,0,0,0,0,0,Guala-3-H4,FALSE,FALSE,FALSE,TRUE,0,0,0,0,0,1,0,0,1,0
2019-12-18,Guala,3,H5,H,3,0,0,0,3,0,0,0,NA,NA,NA,NA,NA,NA,NA,NA,6,2,NA,0,0,0,0,0,Guala-3-H5,FALSE,FALSE,FALSE,TRUE,0,0,0,0,0,1,0,0,1,0
2019-12-18,Guala,3,H6,H,3,0,0,0,3,0,0,0,NA,NA,NA,NA,NA,NA,NA,NA,6,2,NA,0,0,0,0,0,Guala-3-H6,FALSE,FALSE,FALSE,TRUE,0,0,0,0,0,1,0,0,1,0
2019-12-18,Guala,3,H7,H,3,1,0,0,3,0,0,0,NA,NA,NA,NA,NA,NA,NA,NA,6,2,1,0,0,0,0,1,Guala-3-H7,FALSE,FALSE,FALSE,TRUE,0,0,0,0,1,1,0,0,1,0
2019-12-18,Guala,3,H8,H,3,0,0,0,3,0,0,0,NA,NA,NA,NA,NA,NA,NA,NA,6,2,NA,0,0,0,0,0,Guala-3-H8,FALSE,FALSE,FALSE,TRUE,0,0,0,0,0,1,0,0,1,0
2019-12-18,Guala,3,H9,H,3,0,0,0,3,0,0,0,NA,NA,NA,NA,NA,NA,NA,NA,6,2,NA,0,0,0,0,0,Guala-3-H9,FALSE,FALSE,FALSE,TRUE,0,0,0,0,0,1,0,0,1,0
2019-12-18,Guala,3,H10,H,3,0,0,0,3,2,0,0,NA,NA,NA,NA,NA,NA,NA,NA,6,2,2,0,2,0,0,0,Guala-3-H10,FALSE,TRUE,FALSE,FALSE,0,1,0,0,0,1,0,0,1,0
2019-12-18,Guala,3,H11,H,3,0,0,0,3,0,0,0,NA,NA,NA,NA,NA,NA,NA,NA,6,2,NA,0,0,0,0,0,Guala-3-H11,FALSE,FALSE,FALSE,TRUE,0,0,0,0,0,1,0,0,1,0
2019-12-18,Guala,3,H12,H,3,0,0,0,3,0,0,0,NA,NA,NA,NA,NA,NA,NA,NA,6,2,NA,0,0,0,0,0,Guala-3-H12,FALSE,FALSE,FALSE,TRUE,0,0,0,0,0,1,0,0,1,0
2020-02-20,Guala,4,H1,H,3,0,0,0,3,0,0,0,NA,NA,NA,NA,NA,NA,NA,NA,6,2,NA,0,0,0,0,0,Guala-4-H1,FALSE,FALSE,FALSE,TRUE,0,0,0,0,0,1,0,0,1,0
2020-02-20,Guala,4,H2,H,3,0,0,0,3,0,0,0,NA,NA,NA,NA,NA,NA,NA,NA,6,2,NA,0,0,0,0,0,Guala-4-H2,FALSE,FALSE,FALSE,TRUE,0,0,0,0,0,1,0,0,1,0
2020-02-20,Guala,4,H3,H,3,0,0,0,3,0,0,0,NA,NA,NA,NA,NA,NA,NA,NA,6,2,NA,0,0,0,0,0,Guala-4-H3,FALSE,FALSE,FALSE,TRUE,0,0,0,0,0,1,0,0,1,0
2020-02-20,Guala,4,H4,H,3,0,0,0,3,0,0,0,NA,NA,NA,NA,NA,NA,NA,NA,6,2,NA,0,0,0,0,0,Guala-4-H4,FALSE,FALSE,FALSE,TRUE,0,0,0,0,0,1,0,0,1,0
2020-02-20,Guala,4,H5,H,3,0,0,0,3,0,0,0,NA,NA,NA,NA,NA,NA,NA,NA,6,2,NA,0,0,0,0,0,Guala-4-H5,FALSE,FALSE,FALSE,TRUE,0,0,0,0,0,1,0,0,1,0
2020-02-20,Guala,4,H6,H,3,0,0,0,3,0,0,0,NA,NA,NA,NA,NA,NA,NA,NA,6,2,NA,0,0,0,0,0,Guala-4-H6,FALSE,FALSE,FALSE,TRUE,0,0,0,0,0,1,0,0,1,0
2020-02-20,Guala,4,H7,H,3,0,0,0,3,0,0,0,NA,NA,NA,NA,NA,NA,NA,NA,6,2,NA,0,0,0,0,0,Guala-4-H7,FALSE,FALSE,FALSE,TRUE,0,0,0,0,0,1,0,0,1,0
2020-02-20,Guala,4,H8,H,3,0,0,0,3,0,0,0,NA,NA,NA,NA,NA,NA,NA,NA,6,2,NA,0,0,0,0,0,Guala-4-H8,FALSE,FALSE,FALSE,TRUE,0,0,0,0,0,1,0,0,1,0
2020-02-20,Guala,4,H9,H,3,0,0,0,3,0,0,0,NA,NA,NA,NA,NA,NA,NA,NA,6,2,NA,0,0,0,0,0,Guala-4-H9,FALSE,FALSE,FALSE,TRUE,0,0,0,0,0,1,0,0,1,0
2020-02-20,Guala,4,H10,H,3,0,0,0,3,0,0,0,NA,NA,NA,NA,NA,NA,NA,NA,6,2,NA,0,0,0,0,0,Guala-4-H10,FALSE,FALSE,FALSE,TRUE,0,0,0,0,0,1,0,0,1,0
2019-07-30,Kapethe,1,H1,H,3,0,0,0,3,1,0,0,NA,NA,NA,NA,NA,NA,NA,NA,6,2,1,0,1,0,0,0,Kapethe-1-H1,FALSE,TRUE,FALSE,FALSE,0,1,0,0,0,1,1,0,0,1
2019-07-30,Kapethe,1,H2,H,3,0,0,0,3,0,0,0,NA,NA,NA,NA,NA,NA,NA,NA,6,2,NA,0,0,0,0,0,Kapethe-1-H2,FALSE,FALSE,FALSE,TRUE,0,0,0,0,0,1,1,0,0,1
2019-07-30,Kapethe,1,H3,H,3,0,0,0,3,0,0,0,NA,NA,NA,NA,NA,NA,NA,NA,6,2,NA,0,0,0,0,0,Kapethe-1-H3,FALSE,FALSE,FALSE,TRUE,0,0,0,0,0,1,1,0,0,1
2019-07-30,Kapethe,1,H4,H,3,0,0,0,3,2,0,0,NA,NA,NA,NA,NA,NA,NA,NA,6,2,2,0,2,0,0,0,Kapethe-1-H4,FALSE,TRUE,FALSE,FALSE,0,1,0,0,0,1,1,0,0,1
2019-07-30,Kapethe,1,H5,H,3,0,0,0,3,0,0,0,NA,NA,NA,NA,NA,NA,NA,NA,6,2,NA,0,0,0,0,0,Kapethe-1-H5,FALSE,FALSE,FALSE,TRUE,0,0,0,0,0,1,1,0,0,1
2019-07-30,Kapethe,1,H6,H,3,0,0,0,3,0,0,0,NA,NA,NA,NA,NA,NA,NA,NA,6,2,NA,0,0,0,0,0,Kapethe-1-H6,FALSE,FALSE,FALSE,TRUE,0,0,0,0,0,1,1,0,0,1
2019-07-30,Kapethe,1,H7,H,3,0,0,0,3,0,0,0,NA,NA,NA,NA,NA,NA,NA,NA,6,2,NA,0,0,0,0,0,Kapethe-1-H7,FALSE,FALSE,FALSE,TRUE,0,0,0,0,0,1,1,0,0,1
2019-07-30,Kapethe,1,H8,H,3,0,0,0,3,1,0,0,NA,NA,NA,NA,NA,NA,NA,NA,6,2,1,0,1,0,0,0,Kapethe-1-H8,FALSE,TRUE,FALSE,FALSE,0,1,0,0,0,1,1,0,0,1
2019-07-30,Kapethe,1,H9,H,3,0,0,0,3,0,0,0,NA,NA,NA,NA,NA,NA,NA,NA,6,2,NA,0,0,0,0,0,Kapethe-1-H9,FALSE,FALSE,FALSE,TRUE,0,0,0,0,0,1,1,0,0,1
2019-07-30,Kapethe,1,H10,H,3,0,0,0,3,1,0,0,NA,NA,NA,NA,NA,NA,NA,NA,6,2,1,0,0,0,0,0,Kapethe-1-H10,FALSE,FALSE,FALSE,TRUE,0,0,0,0,0,1,1,0,0,1
2019-10-01,Kapethe,2,H1,H,3,0,0,0,3,0,0,0,NA,NA,NA,NA,NA,NA,NA,NA,6,2,NA,0,0,0,0,0,Kapethe-2-H1,FALSE,FALSE,FALSE,TRUE,0,0,0,0,0,1,1,0,0,1
2019-10-01,Kapethe,2,H2,H,3,0,0,0,3,0,0,0,NA,NA,NA,NA,NA,NA,NA,NA,6,2,NA,0,0,0,0,0,Kapethe-2-H2,FALSE,FALSE,FALSE,TRUE,0,0,0,0,0,1,1,0,0,1
2019-10-01,Kapethe,2,H3,H,3,0,0,0,3,0,0,0,NA,NA,NA,NA,NA,NA,NA,NA,6,2,NA,0,0,0,0,0,Kapethe-2-H3,FALSE,FALSE,FALSE,TRUE,0,0,0,0,0,1,1,0,0,1
2019-10-01,Kapethe,2,H4,H,3,0,0,0,3,1,0,0,NA,NA,NA,NA,NA,NA,NA,NA,6,2,1,1,0,0,0,0,Kapethe-2-H4,TRUE,FALSE,FALSE,FALSE,0.16666666666666666,0,0,0,0,1,1,0,0,1
2019-10-01,Kapethe,2,H5,H,3,0,0,0,3,0,0,0,NA,NA,NA,NA,NA,NA,NA,NA,6,2,NA,0,0,0,0,0,Kapethe-2-H5,FALSE,FALSE,FALSE,TRUE,0,0,0,0,0,1,1,0,0,1
2019-10-01,Kapethe,2,H6,H,3,0,0,0,3,0,0,0,NA,NA,NA,NA,NA,NA,NA,NA,6,2,NA,0,0,0,0,0,Kapethe-2-H6,FALSE,FALSE,FALSE,TRUE,0,0,0,0,0,1,1,0,0,1
2019-10-01,Kapethe,2,H7,H,3,0,0,0,3,1,0,0,NA,NA,NA,NA,NA,NA,NA,NA,6,2,1,0,1,0,0,0,Kapethe-2-H7,FALSE,TRUE,FALSE,FALSE,0,1,0,0,0,1,1,0,0,1
2019-10-01,Kapethe,2,H8,H,3,0,0,0,3,0,0,0,NA,NA,NA,NA,NA,NA,NA,NA,6,2,NA,0,0,0,0,0,Kapethe-2-H8,FALSE,FALSE,FALSE,TRUE,0,0,0,0,0,1,1,0,0,1
2019-10-01,Kapethe,2,H9,H,3,0,0,0,3,0,0,0,NA,NA,NA,NA,NA,NA,NA,NA,6,2,NA,0,0,0,0,0,Kapethe-2-H9,FALSE,FALSE,FALSE,TRUE,0,0,0,0,0,1,1,0,0,1
2019-10-01,Kapethe,2,H10,H,3,0,0,0,3,0,0,0,NA,NA,NA,NA,NA,NA,NA,NA,6,2,NA,0,0,0,0,0,Kapethe-2-H10,FALSE,FALSE,FALSE,TRUE,0,0,0,0,0,1,1,0,0,1
2019-10-01,Kapethe,2,H11,H,3,0,0,0,3,0,0,0,NA,NA,NA,NA,NA,NA,NA,NA,6,2,NA,0,0,0,0,0,Kapethe-2-H11,FALSE,FALSE,FALSE,TRUE,0,0,0,0,0,1,1,0,0,1
2019-10-01,Kapethe,2,H12,H,3,0,0,0,3,0,0,0,NA,NA,NA,NA,NA,NA,NA,NA,6,2,NA,0,0,0,0,0,Kapethe-2-H12,FALSE,FALSE,FALSE,TRUE,0,0,0,0,0,1,1,0,0,1
2019-12-05,Kapethe,3,H1,H,3,0,0,0,3,0,0,0,NA,NA,NA,NA,NA,NA,NA,NA,6,2,NA,0,0,0,0,0,Kapethe-3-H1,FALSE,FALSE,FALSE,TRUE,0,0,0,0,0,1,1,0,0,0
2019-12-05,Kapethe,3,H2,H,3,0,0,0,3,0,0,0,NA,NA,NA,NA,NA,NA,NA,NA,6,2,NA,0,0,0,0,0,Kapethe-3-H2,FALSE,FALSE,FALSE,TRUE,0,0,0,0,0,1,1,0,0,0
2019-12-05,Kapethe,3,H3,H,3,0,0,0,3,0,0,0,NA,NA,NA,NA,NA,NA,NA,NA,6,2,NA,0,0,0,0,0,Kapethe-3-H3,FALSE,FALSE,FALSE,TRUE,0,0,0,0,0,1,1,0,0,0
2019-12-05,Kapethe,3,H4,H,3,0,0,0,3,0,0,0,NA,NA,NA,NA,NA,NA,NA,NA,6,2,NA,0,0,0,0,0,Kapethe-3-H4,FALSE,FALSE,FALSE,TRUE,0,0,0,0,0,1,1,0,0,0
2019-12-05,Kapethe,3,H5,H,3,0,0,0,3,0,0,0,NA,NA,NA,NA,NA,NA,NA,NA,6,2,NA,0,0,0,0,0,Kapethe-3-H5,FALSE,FALSE,FALSE,TRUE,0,0,0,0,0,1,1,0,0,0
2019-12-05,Kapethe,3,H6,H,3,0,0,0,3,0,0,0,NA,NA,NA,NA,NA,NA,NA,NA,6,2,NA,0,0,0,0,0,Kapethe-3-H6,FALSE,FALSE,FALSE,TRUE,0,0,0,0,0,1,1,0,0,0
2019-12-05,Kapethe,3,H7,H,3,0,0,0,3,0,0,0,NA,NA,NA,NA,NA,NA,NA,NA,6,2,NA,0,0,0,0,0,Kapethe-3-H7,FALSE,FALSE,FALSE,TRUE,0,0,0,0,0,1,1,0,0,0
2019-12-05,Kapethe,3,H8,H,3,0,0,0,3,0,0,0,NA,NA,NA,NA,NA,NA,NA,NA,6,2,NA,0,0,0,0,0,Kapethe-3-H8,FALSE,FALSE,FALSE,TRUE,0,0,0,0,0,1,1,0,0,0
2019-12-05,Kapethe,3,H9,H,3,0,0,0,3,0,0,0,NA,NA,NA,NA,NA,NA,NA,NA,6,2,NA,0,0,0,0,0,Kapethe-3-H9,FALSE,FALSE,FALSE,TRUE,0,0,0,0,0,1,1,0,0,0
2019-12-05,Kapethe,3,H10,H,3,0,0,0,3,0,0,0,NA,NA,NA,NA,NA,NA,NA,NA,6,2,NA,0,0,0,0,0,Kapethe-3-H10,FALSE,FALSE,FALSE,TRUE,0,0,0,0,0,1,1,0,0,0
2019-12-05,Kapethe,3,H11,H,3,0,0,0,3,0,0,0,NA,NA,NA,NA,NA,NA,NA,NA,6,2,NA,0,0,0,0,0,Kapethe-3-H11,FALSE,FALSE,FALSE,TRUE,0,0,0,0,0,1,1,0,0,0
2019-12-05,Kapethe,3,H12,H,3,0,0,0,3,0,0,0,NA,NA,NA,NA,NA,NA,NA,NA,6,2,NA,0,0,0,0,0,Kapethe-3-H12,FALSE,FALSE,FALSE,TRUE,0,0,0,0,0,1,1,0,0,0
2020-01-20,Kapethe,4,H1,H,3,0,0,0,3,1,0,0,NA,NA,NA,NA,NA,NA,NA,NA,6,2,1,0,1,0,0,0,Kapethe-4-H1,FALSE,TRUE,FALSE,FALSE,0,1,0,0,0,1,1,0,0,0
2020-01-20,Kapethe,4,H2,H,3,0,0,0,3,0,0,0,NA,NA,NA,NA,NA,NA,NA,NA,6,2,NA,0,0,0,0,0,Kapethe-4-H2,FALSE,FALSE,FALSE,TRUE,0,0,0,0,0,1,1,0,0,0
2020-01-20,Kapethe,4,H3,H,3,1,0,0,3,0,0,0,NA,NA,NA,NA,NA,NA,NA,NA,6,2,1,0,1,0,0,0,Kapethe-4-H3,FALSE,TRUE,FALSE,FALSE,0,1,0,0,0,1,1,0,0,0
2020-01-20,Kapethe,4,H4,H,3,0,0,0,3,0,0,0,NA,NA,NA,NA,NA,NA,NA,NA,6,2,NA,0,0,0,0,0,Kapethe-4-H4,FALSE,FALSE,FALSE,TRUE,0,0,0,0,0,1,1,0,0,0
2020-01-20,Kapethe,4,H5,H,3,0,0,0,3,0,0,0,NA,NA,NA,NA,NA,NA,NA,NA,6,2,NA,0,0,0,0,0,Kapethe-4-H5,FALSE,FALSE,FALSE,TRUE,0,0,0,0,0,1,1,0,0,0
2020-01-20,Kapethe,4,H6,H,3,0,0,0,3,0,0,0,NA,NA,NA,NA,NA,NA,NA,NA,6,2,NA,0,0,0,0,0,Kapethe-4-H6,FALSE,FALSE,FALSE,TRUE,0,0,0,0,0,1,1,0,0,0
2020-01-20,Kapethe,4,H7,H,3,0,0,0,3,0,0,0,NA,NA,NA,NA,NA,NA,NA,NA,6,2,NA,0,0,0,0,0,Kapethe-4-H7,FALSE,FALSE,FALSE,TRUE,0,0,0,0,0,1,1,0,0,0
2020-01-20,Kapethe,4,H8,H,3,0,0,0,3,0,0,0,NA,NA,NA,NA,NA,NA,NA,NA,6,2,NA,0,0,0,0,0,Kapethe-4-H8,FALSE,FALSE,FALSE,TRUE,0,0,0,0,0,1,1,0,0,0
2020-01-20,Kapethe,4,H9,H,3,0,0,0,3,0,0,0,NA,NA,NA,NA,NA,NA,NA,NA,6,2,NA,0,0,0,0,0,Kapethe-4-H9,FALSE,FALSE,FALSE,TRUE,0,0,0,0,0,1,1,0,0,0
2020-01-20,Kapethe,4,H10,H,3,0,0,0,3,0,2,0,NA,NA,NA,NA,NA,NA,NA,NA,4,2,NA,0,0,0,0,0,Kapethe-4-H10,FALSE,FALSE,FALSE,TRUE,0,0,0,0,0,1,1,0,0,0
2019-07-15,Largo,1,H1,H,3,0,1,0,3,0,1,0,NA,NA,NA,NA,NA,NA,NA,NA,4,2,NA,0,0,0,0,0,Largo-1-H1,FALSE,FALSE,FALSE,TRUE,0,0,0,0,0,1,1,0,0,1
2019-07-15,Largo,1,H2,H,3,0,0,0,3,0,1,0,NA,NA,NA,NA,NA,NA,NA,NA,5,2,NA,0,0,0,0,0,Largo-1-H2,FALSE,FALSE,FALSE,TRUE,0,0,0,0,0,1,1,0,0,1
2019-07-15,Largo,1,H3,H,3,0,0,0,3,0,0,0,NA,NA,NA,NA,NA,NA,NA,NA,6,2,NA,0,0,0,0,0,Largo-1-H3,FALSE,FALSE,FALSE,TRUE,0,0,0,0,0,1,1,0,0,1
2019-07-15,Largo,1,H4,H,3,0,1,0,3,0,0,0,NA,NA,NA,NA,NA,NA,NA,NA,5,2,NA,0,0,0,0,0,Largo-1-H4,FALSE,FALSE,FALSE,TRUE,0,0,0,0,0,1,1,0,0,1
2019-07-15,Largo,1,H5,H,3,0,0,0,3,0,0,0,NA,NA,NA,NA,NA,NA,NA,NA,6,2,NA,0,0,0,0,0,Largo-1-H5,FALSE,FALSE,FALSE,TRUE,0,0,0,0,0,1,1,0,0,1
2019-07-15,Largo,1,H6,H,3,0,0,0,3,0,1,0,NA,NA,NA,NA,NA,NA,NA,NA,5,2,NA,0,0,0,0,0,Largo-1-H6,FALSE,FALSE,FALSE,TRUE,0,0,0,0,0,1,1,0,0,1
2019-07-15,Largo,1,H7,H,3,0,0,0,3,0,0,0,NA,NA,NA,NA,NA,NA,NA,NA,6,2,NA,0,0,0,0,0,Largo-1-H7,FALSE,FALSE,FALSE,TRUE,0,0,0,0,0,1,1,0,0,1
2019-07-15,Largo,1,H8,H,3,0,1,0,3,0,0,0,NA,NA,NA,NA,NA,NA,NA,NA,5,2,NA,0,0,0,0,0,Largo-1-H8,FALSE,FALSE,FALSE,TRUE,0,0,0,0,0,1,1,0,0,1
2019-07-15,Largo,1,H9,H,3,0,0,0,3,0,1,0,NA,NA,NA,NA,NA,NA,NA,NA,5,2,NA,0,0,0,0,0,Largo-1-H9,FALSE,FALSE,FALSE,TRUE,0,0,0,0,0,1,1,0,0,1
2019-07-15,Largo,1,H10,H,3,0,0,0,3,0,1,0,NA,NA,NA,NA,NA,NA,NA,NA,5,2,NA,0,0,0,0,0,Largo-1-H10,FALSE,FALSE,FALSE,TRUE,0,0,0,0,0,1,1,0,0,1
2019-07-15,Largo,1,H11,H,3,0,1,0,3,0,1,0,NA,NA,NA,NA,NA,NA,NA,NA,4,2,NA,0,0,0,0,0,Largo-1-H11,FALSE,FALSE,FALSE,TRUE,0,0,0,0,0,1,1,0,0,1
2019-07-15,Largo,1,H12,H,3,0,0,0,3,0,0,0,NA,NA,NA,NA,NA,NA,NA,NA,6,2,NA,0,0,0,0,0,Largo-1-H12,FALSE,FALSE,FALSE,TRUE,0,0,0,0,0,1,1,0,0,1
2019-07-15,Largo,1,H13,H,3,0,0,0,3,0,0,0,NA,NA,NA,NA,NA,NA,NA,NA,6,2,NA,0,0,0,0,0,Largo-1-H13,FALSE,FALSE,FALSE,TRUE,0,0,0,0,0,1,1,0,0,1
2019-07-15,Largo,1,H14,H,3,0,0,0,3,0,0,0,NA,NA,NA,NA,NA,NA,NA,NA,6,2,NA,0,0,0,0,0,Largo-1-H14,FALSE,FALSE,FALSE,TRUE,0,0,0,0,0,1,1,0,0,1
2019-07-15,Largo,1,H15,H,3,0,3,0,3,0,0,0,NA,NA,NA,NA,NA,NA,NA,NA,3,2,NA,0,0,0,0,0,Largo-1-H15,FALSE,FALSE,FALSE,TRUE,0,0,0,0,0,1,1,0,0,1
2019-07-15,Largo,1,H16,H,3,0,0,0,3,0,0,0,NA,NA,NA,NA,NA,NA,NA,NA,6,2,NA,0,0,0,0,0,Largo-1-H16,FALSE,FALSE,FALSE,TRUE,0,0,0,0,0,1,1,0,0,1
2019-07-15,Largo,1,H17,H,3,0,0,0,3,0,0,0,NA,NA,NA,NA,NA,NA,NA,NA,6,2,NA,0,0,0,0,0,Largo-1-H17,FALSE,FALSE,FALSE,TRUE,0,0,0,0,0,1,1,0,0,1
2019-07-15,Largo,1,H18,H,3,0,0,0,3,0,0,0,NA,NA,NA,NA,NA,NA,NA,NA,6,2,NA,0,0,0,0,0,Largo-1-H18,FALSE,FALSE,FALSE,TRUE,0,0,0,0,0,1,1,0,0,1
2019-07-15,Largo,1,H19,H,3,0,0,0,3,0,0,0,NA,NA,NA,NA,NA,NA,NA,NA,6,2,NA,0,0,0,0,0,Largo-1-H19,FALSE,FALSE,FALSE,TRUE,0,0,0,0,0,1,1,0,0,1
2019-07-15,Largo,1,H20,H,3,1,0,0,3,2,0,0,NA,NA,NA,NA,NA,NA,NA,NA,6,2,3,3,0,0,0,0,Largo-1-H20,TRUE,FALSE,FALSE,FALSE,0.5,0,0,0,0,1,1,0,0,1
2019-07-15,Largo,1,H21,H,3,0,0,0,3,0,0,0,NA,NA,NA,NA,NA,NA,NA,NA,6,2,NA,0,0,0,0,0,Largo-1-H21,FALSE,FALSE,FALSE,TRUE,0,0,0,0,0,1,1,0,0,1
2019-07-15,Largo,1,H22,H,3,0,0,0,3,0,0,0,NA,NA,NA,NA,NA,NA,NA,NA,6,2,NA,0,0,0,0,0,Largo-1-H22,FALSE,FALSE,FALSE,TRUE,0,0,0,0,0,1,1,0,0,1
2019-07-15,Largo,1,H23,H,3,0,0,0,3,0,0,2,NA,NA,NA,NA,NA,NA,NA,NA,4,2,NA,0,0,0,0,0,Largo-1-H23,FALSE,FALSE,FALSE,TRUE,0,0,0,0,0,1,1,0,0,1
2019-07-15,Largo,1,H24,H,3,1,0,0,3,0,0,2,NA,NA,NA,NA,NA,NA,NA,NA,4,2,1,0,0,0,0,0,Largo-1-H24,FALSE,FALSE,FALSE,TRUE,0,0,0,0,0,1,1,0,0,1
2019-07-15,Largo,1,H25,H,0,0,0,0,3,0,0,0,NA,NA,NA,NA,NA,NA,NA,NA,3,1,NA,0,0,0,0,0,Largo-1-H25,FALSE,FALSE,FALSE,TRUE,0,0,0,0,0,1,1,0,0,1
2019-07-15,Largo,1,H26,H,0,0,0,0,3,0,0,0,NA,NA,NA,NA,NA,NA,NA,NA,3,1,NA,0,0,0,0,0,Largo-1-H26,FALSE,FALSE,FALSE,TRUE,0,0,0,0,0,1,1,0,0,1
2019-07-15,Largo,1,H27,H,0,0,0,0,3,0,0,0,NA,NA,NA,NA,NA,NA,NA,NA,3,1,NA,0,0,0,0,0,Largo-1-H27,FALSE,FALSE,FALSE,TRUE,0,0,0,0,0,1,1,0,0,1
2019-07-15,Largo,1,H28,H,0,0,0,0,3,0,0,0,NA,NA,NA,NA,NA,NA,NA,NA,3,1,NA,0,0,0,0,0,Largo-1-H28,FALSE,FALSE,FALSE,TRUE,0,0,0,0,0,1,1,0,0,1
2019-07-15,Largo,1,H29,H,0,0,0,0,3,0,0,0,NA,NA,NA,NA,NA,NA,NA,NA,3,1,NA,0,0,0,0,0,Largo-1-H29,FALSE,FALSE,FALSE,TRUE,0,0,0,0,0,1,1,0,0,1
2019-07-15,Largo,1,H30,H,0,0,0,0,3,0,0,1,NA,NA,NA,NA,NA,NA,NA,NA,2,1,NA,0,0,0,0,0,Largo-1-H30,FALSE,FALSE,FALSE,TRUE,0,0,0,0,0,1,1,0,0,1
2019-10-26,Largo,2,H1,H,3,0,0,0,3,0,0,0,NA,NA,NA,NA,NA,NA,NA,NA,6,2,NA,0,0,0,0,0,Largo-2-H1,FALSE,FALSE,FALSE,TRUE,0,0,0,0,0,1,1,0,0,1
2019-10-26,Largo,2,H2,H,3,0,0,0,3,0,0,0,NA,NA,NA,NA,NA,NA,NA,NA,6,2,NA,0,0,0,0,0,Largo-2-H2,FALSE,FALSE,FALSE,TRUE,0,0,0,0,0,1,1,0,0,1
2019-10-26,Largo,2,H3,H,3,0,0,0,3,0,0,0,NA,NA,NA,NA,NA,NA,NA,NA,6,2,NA,0,0,0,0,0,Largo-2-H3,FALSE,FALSE,FALSE,TRUE,0,0,0,0,0,1,1,0,0,1
2019-10-26,Largo,2,H4,H,3,1,0,0,3,0,0,0,NA,NA,NA,NA,NA,NA,NA,NA,6,2,1,0,1,0,0,0,Largo-2-H4,FALSE,TRUE,FALSE,FALSE,0,1,0,0,0,1,1,0,0,1
2019-10-26,Largo,2,H5,H,3,0,0,0,3,0,0,0,NA,NA,NA,NA,NA,NA,NA,NA,6,2,NA,0,0,0,0,0,Largo-2-H5,FALSE,FALSE,FALSE,TRUE,0,0,0,0,0,1,1,0,0,1
2019-10-26,Largo,2,H6,H,3,0,0,0,3,0,0,0,NA,NA,NA,NA,NA,NA,NA,NA,6,2,NA,0,0,0,0,0,Largo-2-H6,FALSE,FALSE,FALSE,TRUE,0,0,0,0,0,1,1,0,0,1
2019-10-26,Largo,2,H7,H,3,0,0,0,3,0,0,0,NA,NA,NA,NA,NA,NA,NA,NA,6,2,NA,0,0,0,0,0,Largo-2-H7,FALSE,FALSE,FALSE,TRUE,0,0,0,0,0,1,1,0,0,1
2019-10-26,Largo,2,H8,H,3,0,0,0,3,0,0,0,NA,NA,NA,NA,NA,NA,NA,NA,6,2,NA,0,0,0,0,0,Largo-2-H8,FALSE,FALSE,FALSE,TRUE,0,0,0,0,0,1,1,0,0,1
2019-10-26,Largo,2,H9,H,3,0,0,0,3,0,0,0,NA,NA,NA,NA,NA,NA,NA,NA,6,2,NA,0,0,0,0,0,Largo-2-H9,FALSE,FALSE,FALSE,TRUE,0,0,0,0,0,1,1,0,0,1
2019-10-26,Largo,2,H10,H,3,0,0,0,3,0,0,0,NA,NA,NA,NA,NA,NA,NA,NA,6,2,NA,0,0,0,0,0,Largo-2-H10,FALSE,FALSE,FALSE,TRUE,0,0,0,0,0,1,1,0,0,1
2019-10-26,Largo,2,H11,H,3,0,0,0,3,0,0,0,NA,NA,NA,NA,NA,NA,NA,NA,6,2,1,1,0,0,0,0,Largo-2-H11,TRUE,FALSE,FALSE,FALSE,0.16666666666666666,0,0,0,0,1,1,0,0,1
2019-10-26,Largo,2,H12,H,3,3,0,0,3,0,0,0,NA,NA,NA,NA,NA,NA,NA,NA,6,2,2,2,0,0,0,0,Largo-2-H12,TRUE,FALSE,FALSE,FALSE,0.3333333333333333,0,0,0,0,1,1,0,0,1
2019-10-26,Largo,2,H13,H,3,0,0,0,3,0,0,0,NA,NA,NA,NA,NA,NA,NA,NA,6,2,NA,0,0,0,0,0,Largo-2-H13,FALSE,FALSE,FALSE,TRUE,0,0,0,0,0,1,1,0,0,1
2019-10-26,Largo,2,H14,H,3,0,0,0,3,0,0,0,NA,NA,NA,NA,NA,NA,NA,NA,6,2,NA,0,0,0,0,0,Largo-2-H14,FALSE,FALSE,FALSE,TRUE,0,0,0,0,0,1,1,0,0,1
2019-10-26,Largo,2,H15,H,3,1,0,0,3,0,0,0,NA,NA,NA,NA,NA,NA,NA,NA,6,2,1,1,0,0,0,0,Largo-2-H15,TRUE,FALSE,FALSE,FALSE,0.16666666666666666,0,0,0,0,1,1,0,0,1
2019-10-26,Largo,2,H16,H,3,0,0,0,3,0,0,0,NA,NA,NA,NA,NA,NA,NA,NA,6,2,NA,0,0,0,0,0,Largo-2-H16,FALSE,FALSE,FALSE,TRUE,0,0,0,0,0,1,1,0,0,1
2019-10-26,Largo,2,H17,H,3,0,0,0,3,0,0,0,NA,NA,NA,NA,NA,NA,NA,NA,6,2,NA,0,0,0,0,0,Largo-2-H17,FALSE,FALSE,FALSE,TRUE,0,0,0,0,0,1,1,0,0,1
2019-10-26,Largo,2,H18,H,3,1,0,0,3,0,0,0,NA,NA,NA,NA,NA,NA,NA,NA,6,2,1,1,0,0,0,0,Largo-2-H18,TRUE,FALSE,FALSE,FALSE,0.16666666666666666,0,0,0,0,1,1,0,0,1
2019-10-26,Largo,2,H19,H,3,0,0,0,3,0,0,0,NA,NA,NA,NA,NA,NA,NA,NA,6,2,NA,0,0,0,0,0,Largo-2-H19,FALSE,FALSE,FALSE,TRUE,0,0,0,0,0,1,1,0,0,1
2019-10-26,Largo,2,H20,H,3,0,0,0,3,0,0,0,NA,NA,NA,NA,NA,NA,NA,NA,6,2,NA,0,0,0,0,0,Largo-2-H20,FALSE,FALSE,FALSE,TRUE,0,0,0,0,0,1,1,0,0,1
2019-10-26,Largo,2,H21,H,3,0,0,0,3,0,0,0,NA,NA,NA,NA,NA,NA,NA,NA,6,2,NA,0,0,0,0,0,Largo-2-H21,FALSE,FALSE,FALSE,TRUE,0,0,0,0,0,1,1,0,0,1
2019-10-26,Largo,2,H22,H,3,0,0,0,3,2,0,0,NA,NA,NA,NA,NA,NA,NA,NA,6,2,2,2,0,0,0,0,Largo-2-H22,TRUE,FALSE,FALSE,FALSE,0.3333333333333333,0,0,0,0,1,1,0,0,1
2019-12-16,Largo,3,H1,H,3,0,0,0,3,0,0,0,NA,NA,NA,NA,NA,NA,NA,NA,6,2,NA,0,0,0,0,0,Largo-3-H1,FALSE,FALSE,FALSE,TRUE,0,0,0,0,0,1,1,0,0,0
2019-12-16,Largo,3,H2,H,3,0,0,0,3,0,0,0,NA,NA,NA,NA,NA,NA,NA,NA,6,2,NA,0,0,0,0,0,Largo-3-H2,FALSE,FALSE,FALSE,TRUE,0,0,0,0,0,1,1,0,0,0
2019-12-16,Largo,3,H3,H,3,0,0,0,3,0,0,0,NA,NA,NA,NA,NA,NA,NA,NA,6,2,NA,0,0,0,0,0,Largo-3-H3,FALSE,FALSE,FALSE,TRUE,0,0,0,0,0,1,1,0,0,0
2019-12-16,Largo,3,H4,H,3,0,0,0,3,0,0,0,NA,NA,NA,NA,NA,NA,NA,NA,6,2,NA,0,0,0,0,0,Largo-3-H4,FALSE,FALSE,FALSE,TRUE,0,0,0,0,0,1,1,0,0,0
2019-12-16,Largo,3,H5,H,3,0,0,0,3,0,0,0,NA,NA,NA,NA,NA,NA,NA,NA,6,2,NA,0,0,0,0,0,Largo-3-H5,FALSE,FALSE,FALSE,TRUE,0,0,0,0,0,1,1,0,0,0
2019-12-16,Largo,3,H6,H,3,0,0,0,3,0,0,0,NA,NA,NA,NA,NA,NA,NA,NA,6,2,NA,0,0,0,0,0,Largo-3-H6,FALSE,FALSE,FALSE,TRUE,0,0,0,0,0,1,1,0,0,0
2019-12-16,Largo,3,H7,H,3,0,0,0,3,0,0,0,NA,NA,NA,NA,NA,NA,NA,NA,6,2,NA,0,0,0,0,0,Largo-3-H7,FALSE,FALSE,FALSE,TRUE,0,0,0,0,0,1,1,0,0,0
2019-12-16,Largo,3,H8,H,3,0,0,0,3,0,0,0,NA,NA,NA,NA,NA,NA,NA,NA,6,2,NA,0,0,0,0,0,Largo-3-H8,FALSE,FALSE,FALSE,TRUE,0,0,0,0,0,1,1,0,0,0
2019-12-16,Largo,3,H9,H,3,0,0,0,3,0,0,0,NA,NA,NA,NA,NA,NA,NA,NA,6,2,NA,0,0,0,0,0,Largo-3-H9,FALSE,FALSE,FALSE,TRUE,0,0,0,0,0,1,1,0,0,0
2019-12-16,Largo,3,H10,H,3,0,0,0,3,0,0,0,NA,NA,NA,NA,NA,NA,NA,NA,6,2,NA,0,0,0,0,0,Largo-3-H10,FALSE,FALSE,FALSE,TRUE,0,0,0,0,0,1,1,0,0,0
2019-12-16,Largo,3,H11,H,3,0,0,0,3,0,0,0,NA,NA,NA,NA,NA,NA,NA,NA,6,2,NA,0,0,0,0,0,Largo-3-H11,FALSE,FALSE,FALSE,TRUE,0,0,0,0,0,1,1,0,0,0
2019-12-16,Largo,3,H12,H,3,0,0,0,3,0,0,0,NA,NA,NA,NA,NA,NA,NA,NA,6,2,NA,0,0,0,0,0,Largo-3-H12,FALSE,FALSE,FALSE,TRUE,0,0,0,0,0,1,1,0,0,0
2019-12-16,Largo,3,H13,H,3,0,0,0,3,0,0,0,NA,NA,NA,NA,NA,NA,NA,NA,6,2,NA,0,0,0,0,0,Largo-3-H13,FALSE,FALSE,FALSE,TRUE,0,0,0,0,0,1,1,0,0,0
2019-12-16,Largo,3,H14,H,3,0,0,0,3,0,0,0,NA,NA,NA,NA,NA,NA,NA,NA,6,2,NA,0,0,0,0,0,Largo-3-H14,FALSE,FALSE,FALSE,TRUE,0,0,0,0,0,1,1,0,0,0
2019-12-16,Largo,3,H15,H,3,0,0,0,3,0,0,0,NA,NA,NA,NA,NA,NA,NA,NA,6,2,NA,0,0,0,0,0,Largo-3-H15,FALSE,FALSE,FALSE,TRUE,0,0,0,0,0,1,1,0,0,0
2020-02-18,Largo,4,H1,H,3,0,0,0,3,0,0,0,NA,NA,NA,NA,NA,NA,NA,NA,6,2,NA,0,0,0,0,0,Largo-4-H1,FALSE,FALSE,FALSE,TRUE,0,0,0,0,0,1,1,0,0,0
2020-02-18,Largo,4,H2,H,3,0,0,0,3,0,0,0,NA,NA,NA,NA,NA,NA,NA,NA,6,2,NA,0,0,0,0,0,Largo-4-H2,FALSE,FALSE,FALSE,TRUE,0,0,0,0,0,1,1,0,0,0
2020-02-18,Largo,4,H3,H,3,0,0,0,3,1,0,0,NA,NA,NA,NA,NA,NA,NA,NA,6,2,1,1,0,0,0,0,Largo-4-H3,TRUE,FALSE,FALSE,FALSE,0.16666666666666666,0,0,0,0,1,1,0,0,0
2020-02-18,Largo,4,H4,H,3,0,0,0,3,0,0,0,NA,NA,NA,NA,NA,NA,NA,NA,6,2,NA,0,0,0,0,0,Largo-4-H4,FALSE,FALSE,FALSE,TRUE,0,0,0,0,0,1,1,0,0,0
2020-02-18,Largo,4,H5,H,3,0,0,0,3,1,0,0,NA,NA,NA,NA,NA,NA,NA,NA,6,2,1,1,0,0,0,0,Largo-4-H5,TRUE,FALSE,FALSE,FALSE,0.16666666666666666,0,0,0,0,1,1,0,0,0
2020-02-18,Largo,4,H6,H,3,0,0,0,3,0,0,0,NA,NA,NA,NA,NA,NA,NA,NA,6,2,NA,0,0,0,0,0,Largo-4-H6,FALSE,FALSE,FALSE,TRUE,0,0,0,0,0,1,1,0,0,0
2020-02-18,Largo,4,H7,H,3,0,0,0,3,0,0,0,NA,NA,NA,NA,NA,NA,NA,NA,6,2,NA,0,0,0,0,0,Largo-4-H7,FALSE,FALSE,FALSE,TRUE,0,0,0,0,0,1,1,0,0,0
2020-02-18,Largo,4,H8,H,3,0,0,0,3,1,0,0,NA,NA,NA,NA,NA,NA,NA,NA,6,2,1,0,1,0,0,0,Largo-4-H8,FALSE,TRUE,FALSE,FALSE,0,1,0,0,0,1,1,0,0,0
2020-02-18,Largo,4,H9,H,3,0,0,0,3,0,0,0,NA,NA,NA,NA,NA,NA,NA,NA,6,2,NA,0,0,0,0,0,Largo-4-H9,FALSE,FALSE,FALSE,TRUE,0,0,0,0,0,1,1,0,0,0
2020-02-18,Largo,4,H10,H,3,0,0,0,3,0,0,0,NA,NA,NA,NA,NA,NA,NA,NA,6,2,NA,0,0,0,0,0,Largo-4-H10,FALSE,FALSE,FALSE,TRUE,0,0,0,0,0,1,1,0,0,0
2020-02-18,Largo,4,H11,H,3,0,0,0,3,0,0,0,NA,NA,NA,NA,NA,NA,NA,NA,6,2,NA,0,0,0,0,0,Largo-4-H11,FALSE,FALSE,FALSE,TRUE,0,0,0,0,0,1,1,0,0,0
2020-02-18,Largo,4,H12,H,3,0,0,0,3,1,0,0,NA,NA,NA,NA,NA,NA,NA,NA,6,2,1,1,0,0,0,0,Largo-4-H12,TRUE,FALSE,FALSE,FALSE,0.16666666666666666,0,0,0,0,1,1,0,0,0
2020-02-18,Largo,4,H13,H,3,0,0,0,3,0,0,0,NA,NA,NA,NA,NA,NA,NA,NA,6,2,NA,0,0,0,0,0,Largo-4-H13,FALSE,FALSE,FALSE,TRUE,0,0,0,0,0,1,1,0,0,0
2020-02-18,Largo,4,H14,H,3,0,0,0,3,0,0,0,NA,NA,NA,NA,NA,NA,NA,NA,6,2,NA,0,0,0,0,0,Largo-4-H14,FALSE,FALSE,FALSE,TRUE,0,0,0,0,0,1,1,0,0,0
2020-02-18,Largo,4,H15,H,3,0,0,0,3,0,0,0,NA,NA,NA,NA,NA,NA,NA,NA,6,2,NA,0,0,0,0,0,Largo-4-H15,FALSE,FALSE,FALSE,TRUE,0,0,0,0,0,1,1,0,0,0
2020-02-18,Largo,4,H16,H,3,0,0,0,3,0,0,0,NA,NA,NA,NA,NA,NA,NA,NA,6,2,NA,0,0,0,0,0,Largo-4-H16,FALSE,FALSE,FALSE,TRUE,0,0,0,0,0,1,1,0,0,0
2020-02-18,Largo,4,H17,H,3,0,0,0,3,0,0,0,NA,NA,NA,NA,NA,NA,NA,NA,6,2,NA,0,0,0,0,0,Largo-4-H17,FALSE,FALSE,FALSE,TRUE,0,0,0,0,0,1,1,0,0,0
2020-02-18,Largo,4,H18,H,3,0,0,0,3,0,0,0,NA,NA,NA,NA,NA,NA,NA,NA,6,2,NA,0,0,0,0,0,Largo-4-H18,FALSE,FALSE,FALSE,TRUE,0,0,0,0,0,1,1,0,0,0
2020-02-18,Largo,4,H19,H,3,0,0,0,3,0,0,0,NA,NA,NA,NA,NA,NA,NA,NA,6,2,NA,0,0,0,0,0,Largo-4-H19,FALSE,FALSE,FALSE,TRUE,0,0,0,0,0,1,1,0,0,0
2020-02-18,Largo,4,H20,H,3,0,0,0,3,0,0,0,NA,NA,NA,NA,NA,NA,NA,NA,6,2,NA,0,0,0,0,0,Largo-4-H20,FALSE,FALSE,FALSE,TRUE,0,0,0,0,0,1,1,0,0,0
2019-08-01,Makump,1,H2,H,3,0,3,0,3,0,0,0,NA,NA,NA,NA,NA,NA,NA,NA,3,2,NA,0,0,0,0,0,Makump-1-H2,FALSE,FALSE,FALSE,TRUE,0,0,0,0,0,1,1,0,1,1
2019-08-01,Makump,1,H3,H,3,0,0,0,3,0,0,0,NA,NA,NA,NA,NA,NA,NA,NA,6,2,NA,0,0,0,0,0,Makump-1-H3,FALSE,FALSE,FALSE,TRUE,0,0,0,0,0,1,1,0,1,1
2019-08-01,Makump,1,H4,H,3,0,0,0,3,1,0,0,NA,NA,NA,NA,NA,NA,NA,NA,6,2,1,0,0,0,0,0,Makump-1-H4,FALSE,FALSE,FALSE,TRUE,0,0,0,0,0,1,1,0,1,1
2019-08-01,Makump,1,H5,H,3,0,0,0,3,0,0,0,NA,NA,NA,NA,NA,NA,NA,NA,6,2,NA,0,0,0,0,0,Makump-1-H5,FALSE,FALSE,FALSE,TRUE,0,0,0,0,0,1,1,0,1,1
2019-08-01,Makump,1,H6,H,3,0,0,0,3,0,0,0,NA,NA,NA,NA,NA,NA,NA,NA,6,2,NA,0,0,0,0,0,Makump-1-H6,FALSE,FALSE,FALSE,TRUE,0,0,0,0,0,1,1,0,1,1
2019-08-03,Makuna,1,H1,H,3,0,0,0,3,0,0,0,NA,NA,NA,NA,NA,NA,NA,NA,6,2,NA,0,0,0,0,0,Makuna-1-H1,FALSE,FALSE,FALSE,TRUE,0,0,0,0,0,0,1,0,1,1
2019-08-03,Makuna,1,H2,H,3,0,0,0,3,0,0,0,NA,NA,NA,NA,NA,NA,NA,NA,6,2,NA,0,0,0,0,0,Makuna-1-H2,FALSE,FALSE,FALSE,TRUE,0,0,0,0,0,0,1,0,1,1
2019-08-03,Makuna,1,H3,H,3,0,0,0,3,0,0,0,NA,NA,NA,NA,NA,NA,NA,NA,6,2,NA,0,0,0,0,0,Makuna-1-H3,FALSE,FALSE,FALSE,TRUE,0,0,0,0,0,0,1,0,1,1
2019-08-03,Makuna,1,H4,H,3,0,0,0,3,0,0,0,NA,NA,NA,NA,NA,NA,NA,NA,6,2,NA,0,0,0,0,0,Makuna-1-H4,FALSE,FALSE,FALSE,TRUE,0,0,0,0,0,0,1,0,1,1
2019-10-03,Makuna,2,H1,H,3,0,0,0,3,0,0,0,NA,NA,NA,NA,NA,NA,NA,NA,6,2,NA,0,0,0,0,0,Makuna-2-H1,FALSE,FALSE,FALSE,TRUE,0,0,0,0,0,0,1,0,1,1
2019-10-03,Makuna,2,H2,H,3,0,0,0,3,0,0,0,NA,NA,NA,NA,NA,NA,NA,NA,6,2,NA,0,0,0,0,0,Makuna-2-H2,FALSE,FALSE,FALSE,TRUE,0,0,0,0,0,0,1,0,1,1
2019-10-03,Makuna,2,H3,H,3,0,0,0,3,0,0,0,NA,NA,NA,NA,NA,NA,NA,NA,6,2,NA,0,0,0,0,0,Makuna-2-H3,FALSE,FALSE,FALSE,TRUE,0,0,0,0,0,0,1,0,1,1
2019-10-03,Makuna,2,H4,H,3,0,0,0,3,0,0,0,NA,NA,NA,NA,NA,NA,NA,NA,6,2,NA,0,0,0,0,0,Makuna-2-H4,FALSE,FALSE,FALSE,TRUE,0,0,0,0,0,0,1,0,1,1
2019-12-06,Makuna,3,H1,H,3,0,0,0,3,0,0,0,NA,NA,NA,NA,NA,NA,NA,NA,6,2,NA,0,0,0,0,0,Makuna-3-H1,FALSE,FALSE,FALSE,TRUE,0,0,0,0,0,0,1,0,1,0
2019-12-06,Makuna,3,H2,H,3,0,0,0,3,0,0,0,NA,NA,NA,NA,NA,NA,NA,NA,6,2,NA,0,0,0,0,0,Makuna-3-H2,FALSE,FALSE,FALSE,TRUE,0,0,0,0,0,0,1,0,1,0
2019-12-06,Makuna,3,H3,H,3,0,0,0,3,0,0,0,NA,NA,NA,NA,NA,NA,NA,NA,6,2,NA,0,0,0,0,0,Makuna-3-H3,FALSE,FALSE,FALSE,TRUE,0,0,0,0,0,0,1,0,1,0
2019-12-06,Makuna,3,H4,H,3,0,0,0,3,0,0,0,NA,NA,NA,NA,NA,NA,NA,NA,6,2,NA,0,0,0,0,0,Makuna-3-H4,FALSE,FALSE,FALSE,TRUE,0,0,0,0,0,0,1,0,1,0
2019-12-06,Makuna,3,H5,H,3,0,0,0,3,1,0,0,NA,NA,NA,NA,NA,NA,NA,NA,6,2,1,0,0,0,0,0,Makuna-3-H5,FALSE,FALSE,FALSE,TRUE,0,0,0,0,0,0,1,0,1,0
2019-12-06,Makuna,3,H6,H,3,0,0,0,3,0,0,0,NA,NA,NA,NA,NA,NA,NA,NA,6,2,NA,0,0,0,0,0,Makuna-3-H6,FALSE,FALSE,FALSE,TRUE,0,0,0,0,0,0,1,0,1,0
2020-01-27,Makuna,4,H1,H,3,0,0,0,3,0,0,0,NA,NA,NA,NA,NA,NA,NA,NA,6,2,NA,0,0,0,0,0,Makuna-4-H1,FALSE,FALSE,FALSE,TRUE,0,0,0,0,0,0,1,0,1,0
2020-01-27,Makuna,4,H2,H,3,0,0,0,3,0,0,0,NA,NA,NA,NA,NA,NA,NA,NA,6,2,NA,0,0,0,0,0,Makuna-4-H2,FALSE,FALSE,FALSE,TRUE,0,0,0,0,0,0,1,0,1,0
2020-01-27,Makuna,4,H3,H,3,0,0,0,3,0,0,0,NA,NA,NA,NA,NA,NA,NA,NA,6,2,NA,0,0,0,0,0,Makuna-4-H3,FALSE,FALSE,FALSE,TRUE,0,0,0,0,0,0,1,0,1,0
2020-01-27,Makuna,4,H4,H,3,0,0,0,3,0,0,0,NA,NA,NA,NA,NA,NA,NA,NA,6,2,NA,0,0,0,0,0,Makuna-4-H4,FALSE,FALSE,FALSE,TRUE,0,0,0,0,0,0,1,0,1,0
2020-01-27,Makuna,4,H5,H,3,0,0,0,3,0,0,0,NA,NA,NA,NA,NA,NA,NA,NA,6,2,NA,0,0,0,0,0,Makuna-4-H5,FALSE,FALSE,FALSE,TRUE,0,0,0,0,0,0,1,0,1,0
2020-01-27,Makuna,4,H6,H,3,0,0,0,3,0,0,0,NA,NA,NA,NA,NA,NA,NA,NA,6,2,NA,0,0,0,0,0,Makuna-4-H6,FALSE,FALSE,FALSE,TRUE,0,0,0,0,0,0,1,0,1,0
2020-12-15,Mokorie,5,H1,H,3,0,0,0,3,0,0,0,3,0,0,0,3,0,0,0,12,4,NA,0,0,0,0,0,Mokorie-5-H1,FALSE,FALSE,FALSE,TRUE,0,0,0,0,0,1,1,0,1,0
2020-12-15,Mokorie,5,H2,H,3,0,0,0,3,0,0,0,3,0,0,0,3,1,0,0,12,4,1,0,1,0,0,0,Mokorie-5-H2,FALSE,TRUE,FALSE,FALSE,0,1,0,0,0,1,1,0,1,0
2020-12-15,Mokorie,5,H3,H,3,1,0,0,3,1,0,0,3,2,0,0,3,2,0,0,12,4,6,0,6,0,0,0,Mokorie-5-H3,FALSE,TRUE,FALSE,FALSE,0,1,0,0,0,1,1,0,1,0
2020-12-15,Mokorie,5,H4,H,3,1,0,0,3,1,0,0,3,0,0,0,3,0,0,0,12,4,2,0,2,0,0,0,Mokorie-5-H4,FALSE,TRUE,FALSE,FALSE,0,1,0,0,0,1,1,0,1,0
2020-12-15,Mokorie,5,H5,H,NA,NA,NA,NA,3,0,0,0,3,0,0,0,3,0,0,0,9,3,NA,0,0,0,0,0,Mokorie-5-H5,FALSE,FALSE,FALSE,TRUE,0,0,0,0,0,1,1,0,1,0
2020-12-15,Mokorie,5,H6,H,NA,NA,NA,NA,3,0,0,0,3,0,0,0,3,0,0,0,9,3,NA,0,0,0,0,0,Mokorie-5-H6,FALSE,FALSE,FALSE,TRUE,0,0,0,0,0,1,1,0,1,0
2020-12-15,Mokorie,5,H7,H,NA,NA,NA,NA,3,0,0,0,3,0,0,0,3,0,0,0,9,3,NA,0,0,0,0,0,Mokorie-5-H7,FALSE,FALSE,FALSE,TRUE,0,0,0,0,0,1,1,0,1,0
2020-12-15,Mokorie,5,H8,H,NA,NA,NA,NA,3,0,0,0,3,0,0,0,3,0,0,0,9,3,NA,0,0,0,0,0,Mokorie-5-H8,FALSE,FALSE,FALSE,TRUE,0,0,0,0,0,1,1,0,1,0
2020-11-17,Naiawama,5,H1,H,3,1,0,0,3,1,0,0,3,0,0,0,3,0,0,0,12,4,2,2,0,0,0,0,Naiawama-5-H1,TRUE,FALSE,FALSE,FALSE,0.16666666666666666,0,0,0,0,1,0,0,0,1
2020-11-17,Naiawama,5,H2,H,3,0,0,0,3,0,0,0,3,0,0,0,3,0,0,0,12,4,NA,0,0,0,0,0,Naiawama-5-H2,FALSE,FALSE,FALSE,TRUE,0,0,0,0,0,1,0,0,0,1
2020-11-17,Naiawama,5,H3,H,3,1,0,0,3,0,0,0,3,0,0,0,3,0,0,0,12,4,1,1,0,0,0,0,Naiawama-5-H3,TRUE,FALSE,FALSE,FALSE,0.08333333333333333,0,0,0,0,1,0,0,0,1
2020-11-17,Naiawama,5,H4,H,3,1,0,0,3,0,0,0,3,0,0,0,3,1,0,0,12,4,2,0,2,0,0,0,Naiawama-5-H4,FALSE,TRUE,FALSE,FALSE,0,1,0,0,0,1,0,0,0,1
2020-11-17,Naiawama,5,H5,H,3,1,0,0,3,1,0,0,3,0,0,0,3,0,0,0,12,4,2,2,0,0,0,0,Naiawama-5-H5,TRUE,FALSE,FALSE,FALSE,0.16666666666666666,0,0,0,0,1,0,0,0,1
2019-08-14,Njaguima,1,H1,H,3,0,0,0,3,1,0,0,NA,NA,NA,NA,NA,NA,NA,NA,6,2,1,0,1,0,0,0,Njaguima-1-H1,FALSE,TRUE,FALSE,FALSE,0,1,0,0,0,1,1,0,1,1
2019-08-14,Njaguima,1,H2,H,3,0,0,0,3,0,0,0,NA,NA,NA,NA,NA,NA,NA,NA,6,2,NA,0,0,0,0,0,Njaguima-1-H2,FALSE,FALSE,FALSE,TRUE,0,0,0,0,0,1,1,0,1,1
2019-08-14,Njaguima,1,H3,H,3,0,0,0,3,0,0,0,NA,NA,NA,NA,NA,NA,NA,NA,6,2,NA,0,0,0,0,0,Njaguima-1-H3,FALSE,FALSE,FALSE,TRUE,0,0,0,0,0,1,1,0,1,1
2019-10-11,Njaguima,2,H1,H,3,0,0,0,3,0,0,0,NA,NA,NA,NA,NA,NA,NA,NA,6,2,NA,0,0,0,0,0,Njaguima-2-H1,FALSE,FALSE,FALSE,TRUE,0,0,0,0,0,1,1,0,1,1
2019-10-11,Njaguima,2,H2,H,3,0,0,0,3,0,0,0,NA,NA,NA,NA,NA,NA,NA,NA,6,2,NA,0,0,0,0,0,Njaguima-2-H2,FALSE,FALSE,FALSE,TRUE,0,0,0,0,0,1,1,0,1,1
2019-10-11,Njaguima,2,H3,H,3,0,0,0,3,1,0,0,NA,NA,NA,NA,NA,NA,NA,NA,6,2,1,0,0,0,0,0,Njaguima-2-H3,FALSE,FALSE,FALSE,TRUE,0,0,0,0,0,1,1,0,1,1
2019-10-11,Njaguima,2,H4,H,3,2,0,0,3,0,0,0,NA,NA,NA,NA,NA,NA,NA,NA,6,2,2,0,0,0,0,2,Njaguima-2-H4,FALSE,FALSE,FALSE,TRUE,0,0,0,0,1,1,1,0,1,1
2019-12-10,Njaguima,3,H1,H,3,0,0,0,3,0,0,0,NA,NA,NA,NA,NA,NA,NA,NA,6,2,NA,0,0,0,0,0,Njaguima-3-H1,FALSE,FALSE,FALSE,TRUE,0,0,0,0,0,1,1,0,1,0
2019-12-10,Njaguima,3,H2,H,3,0,0,0,3,0,0,0,NA,NA,NA,NA,NA,NA,NA,NA,6,2,NA,0,0,0,0,0,Njaguima-3-H2,FALSE,FALSE,FALSE,TRUE,0,0,0,0,0,1,1,0,1,0
2019-12-10,Njaguima,3,H3,H,3,1,0,0,3,0,0,0,NA,NA,NA,NA,NA,NA,NA,NA,6,2,1,0,0,0,0,1,Njaguima-3-H3,FALSE,FALSE,FALSE,TRUE,0,0,0,0,1,1,1,0,1,0
2019-12-10,Njaguima,3,H4,H,3,0,0,0,3,0,0,0,NA,NA,NA,NA,NA,NA,NA,NA,6,2,NA,0,0,0,0,0,Njaguima-3-H4,FALSE,FALSE,FALSE,TRUE,0,0,0,0,0,1,1,0,1,0
2020-02-03,Njaguima,4,H1,H,3,0,0,0,3,0,0,0,NA,NA,NA,NA,NA,NA,NA,NA,6,2,NA,0,0,0,0,0,Njaguima-4-H1,FALSE,FALSE,FALSE,TRUE,0,0,0,0,0,1,1,0,1,0
2020-02-03,Njaguima,4,H2,H,3,0,0,0,3,0,0,0,NA,NA,NA,NA,NA,NA,NA,NA,6,2,NA,0,0,0,0,0,Njaguima-4-H2,FALSE,FALSE,FALSE,TRUE,0,0,0,0,0,1,1,0,1,0
2020-02-03,Njaguima,4,H3,H,3,0,0,0,3,0,0,0,NA,NA,NA,NA,NA,NA,NA,NA,6,2,NA,0,0,0,0,0,Njaguima-4-H3,FALSE,FALSE,FALSE,TRUE,0,0,0,0,0,1,1,0,1,0
2021-01-26,Petema,5,H1,H,3,0,0,0,3,0,0,0,3,0,0,0,3,0,0,0,12,4,NA,0,0,0,0,0,Petema-5-H1,FALSE,FALSE,FALSE,TRUE,0,0,0,0,0,1,0,0,0,0
2021-01-26,Petema,5,H2,H,3,0,0,0,3,0,0,0,3,1,0,0,3,0,0,0,12,4,1,0,1,0,0,0,Petema-5-H2,FALSE,TRUE,FALSE,FALSE,0,1,0,0,0,1,0,0,0,0
2021-01-26,Petema,5,H3,H,3,0,0,0,3,0,0,0,3,0,0,0,3,0,0,0,12,4,NA,0,0,0,0,0,Petema-5-H3,FALSE,FALSE,FALSE,TRUE,0,0,0,0,0,1,0,0,0,0
2021-01-26,Petema,5,H4,H,3,0,0,0,3,0,0,0,3,0,0,0,3,0,0,0,12,4,NA,0,0,0,0,0,Petema-5-H4,FALSE,FALSE,FALSE,TRUE,0,0,0,0,0,1,0,0,0,0
2021-01-26,Petema,5,H5,H,3,0,0,0,3,1,0,0,3,0,1,0,3,0,0,0,11,4,1,0,1,0,0,0,Petema-5-H5,FALSE,TRUE,FALSE,FALSE,0,1,0,0,0,1,0,0,0,0
2021-01-26,Petema,5,H6,H,3,0,0,0,3,0,0,0,3,0,0,0,3,0,0,0,12,4,NA,0,0,0,0,0,Petema-5-H6,FALSE,FALSE,FALSE,TRUE,0,0,0,0,0,1,0,0,0,0
2021-01-26,Petema,5,H7,H,3,0,0,0,3,0,0,0,3,0,0,0,3,1,0,2,10,4,1,0,1,0,0,0,Petema-5-H7,FALSE,TRUE,FALSE,FALSE,0,1,0,0,0,1,0,0,0,0
2021-01-26,Petema,5,H8,H,3,0,0,0,3,0,0,0,3,0,1,0,3,0,0,0,11,4,NA,0,0,0,0,0,Petema-5-H8,FALSE,FALSE,FALSE,TRUE,0,0,0,0,0,1,0,0,0,0
2021-01-26,Petema,5,H9,H,3,0,0,0,3,0,0,0,3,0,0,0,3,0,0,0,12,4,NA,0,0,0,0,0,Petema-5-H9,FALSE,FALSE,FALSE,TRUE,0,0,0,0,0,1,0,0,0,0
2021-01-26,Petema,5,H10,H,3,0,0,0,3,0,0,0,3,0,0,0,3,0,0,0,12,4,NA,0,0,0,0,0,Petema-5-H10,FALSE,FALSE,FALSE,TRUE,0,0,0,0,0,1,0,0,0,0
2021-01-26,Petema,5,H11,H,NA,NA,NA,NA,NA,NA,NA,NA,3,0,0,0,3,0,0,0,6,2,NA,0,0,0,0,0,Petema-5-H11,FALSE,FALSE,FALSE,TRUE,0,0,0,0,0,1,0,0,0,0
2021-01-26,Petema,5,H12,H,NA,NA,NA,NA,NA,NA,NA,NA,3,0,0,0,3,0,0,0,6,2,NA,0,0,0,0,0,Petema-5-H12,FALSE,FALSE,FALSE,TRUE,0,0,0,0,0,1,0,0,0,0
2021-01-26,Petema,5,H13,H,NA,NA,NA,NA,NA,NA,NA,NA,3,0,0,0,3,0,0,0,6,2,NA,0,0,0,0,0,Petema-5-H13,FALSE,FALSE,FALSE,TRUE,0,0,0,0,0,1,0,0,0,0
2021-01-26,Petema,5,H14,H,NA,NA,NA,NA,NA,NA,NA,NA,3,0,1,0,3,0,0,0,5,2,NA,0,0,0,0,0,Petema-5-H14,FALSE,FALSE,FALSE,TRUE,0,0,0,0,0,1,0,0,0,0
2021-01-26,Petema,5,H15,H,NA,NA,NA,NA,NA,NA,NA,NA,3,0,0,0,3,0,0,0,6,2,NA,0,0,0,0,0,Petema-5-H15,FALSE,FALSE,FALSE,TRUE,0,0,0,0,0,1,0,0,0,0
NA,Talama,1,H1,H,3,0,0,0,3,0,0,0,NA,NA,NA,NA,NA,NA,NA,NA,6,2,NA,0,0,0,0,0,Talama-1-H1,FALSE,FALSE,FALSE,TRUE,0,0,0,0,0,0,1,0,0,1
NA,Talama,1,H2,H,3,0,0,0,3,0,0,0,NA,NA,NA,NA,NA,NA,NA,NA,6,2,NA,0,0,0,0,0,Talama-1-H2,FALSE,FALSE,FALSE,TRUE,0,0,0,0,0,0,1,0,0,1
NA,Talama,1,H3,H,3,0,0,0,3,0,0,0,NA,NA,NA,NA,NA,NA,NA,NA,6,2,NA,0,0,0,0,0,Talama-1-H3,FALSE,FALSE,FALSE,TRUE,0,0,0,0,0,0,1,0,0,1
NA,Talama,1,H4,H,3,0,0,0,3,0,0,0,NA,NA,NA,NA,NA,NA,NA,NA,6,2,NA,0,0,0,0,0,Talama-1-H4,FALSE,FALSE,FALSE,TRUE,0,0,0,0,0,0,1,0,0,1
NA,Talama,1,H5,H,3,0,0,0,3,0,0,0,NA,NA,NA,NA,NA,NA,NA,NA,6,2,NA,0,0,0,0,0,Talama-1-H5,FALSE,FALSE,FALSE,TRUE,0,0,0,0,0,0,1,0,0,1
2019-10-24,Talama,2,H1,H,3,0,0,0,3,0,0,0,NA,NA,NA,NA,NA,NA,NA,NA,6,2,NA,0,0,0,0,0,Talama-2-H1,FALSE,FALSE,FALSE,TRUE,0,0,0,0,0,0,1,0,0,1
2019-10-24,Talama,2,H2,H,3,1,0,0,3,1,0,0,NA,NA,NA,NA,NA,NA,NA,NA,6,2,2,1,0,0,0,0,Talama-2-H2,TRUE,FALSE,FALSE,FALSE,0.16666666666666666,0,0,0,0,0,1,0,0,1
2019-10-24,Talama,2,H3,H,3,0,0,0,3,0,0,0,NA,NA,NA,NA,NA,NA,NA,NA,6,2,NA,0,0,0,0,0,Talama-2-H3,FALSE,FALSE,FALSE,TRUE,0,0,0,0,0,0,1,0,0,1
2019-10-24,Talama,2,H4,H,3,0,0,0,3,0,0,0,NA,NA,NA,NA,NA,NA,NA,NA,6,2,NA,0,0,0,0,0,Talama-2-H4,FALSE,FALSE,FALSE,TRUE,0,0,0,0,0,0,1,0,0,1
2019-10-24,Talama,2,H5,H,3,0,0,0,3,0,0,0,NA,NA,NA,NA,NA,NA,NA,NA,6,2,NA,0,0,0,0,0,Talama-2-H5,FALSE,FALSE,FALSE,TRUE,0,0,0,0,0,0,1,0,0,1
2019-12-20,Talama,3,H1,H,3,0,0,0,3,0,0,0,NA,NA,NA,NA,NA,NA,NA,NA,6,2,NA,0,0,0,0,0,Talama-3-H1,FALSE,FALSE,FALSE,TRUE,0,0,0,0,0,0,1,0,0,0
2019-12-20,Talama,3,H2,H,3,0,0,0,3,0,0,0,NA,NA,NA,NA,NA,NA,NA,NA,6,2,NA,0,0,0,0,0,Talama-3-H2,FALSE,FALSE,FALSE,TRUE,0,0,0,0,0,0,1,0,0,0
2019-12-20,Talama,3,H3,H,3,0,0,0,3,0,0,0,NA,NA,NA,NA,NA,NA,NA,NA,6,2,NA,0,0,0,0,0,Talama-3-H3,FALSE,FALSE,FALSE,TRUE,0,0,0,0,0,0,1,0,0,0
2019-12-20,Talama,3,H4,H,3,0,0,0,3,0,0,0,NA,NA,NA,NA,NA,NA,NA,NA,6,2,NA,0,0,0,0,0,Talama-3-H4,FALSE,FALSE,FALSE,TRUE,0,0,0,0,0,0,1,0,0,0
2019-12-20,Talama,3,H5,H,3,0,0,0,3,0,0,0,NA,NA,NA,NA,NA,NA,NA,NA,6,2,NA,0,0,0,0,0,Talama-3-H5,FALSE,FALSE,FALSE,TRUE,0,0,0,0,0,0,1,0,0,0
2020-02-22,Talama,4,H1,H,3,1,0,0,3,0,0,0,NA,NA,NA,NA,NA,NA,NA,NA,6,2,1,1,0,0,0,0,Talama-4-H1,TRUE,FALSE,FALSE,FALSE,0.16666666666666666,0,0,0,0,0,1,0,0,0
2020-02-22,Talama,4,H2,H,3,2,0,0,3,2,0,0,NA,NA,NA,NA,NA,NA,NA,NA,6,2,4,4,0,0,0,0,Talama-4-H2,TRUE,FALSE,FALSE,FALSE,0.6666666666666666,0,0,0,0,0,1,0,0,0
2020-02-22,Talama,4,H3,H,3,0,0,0,3,0,0,0,NA,NA,NA,NA,NA,NA,NA,NA,6,2,NA,0,0,0,0,0,Talama-4-H3,FALSE,FALSE,FALSE,TRUE,0,0,0,0,0,0,1,0,0,0
2020-02-22,Talama,4,H4,H,3,0,0,0,3,0,0,0,NA,NA,NA,NA,NA,NA,NA,NA,6,2,NA,0,0,0,0,0,Talama-4-H4,FALSE,FALSE,FALSE,TRUE,0,0,0,0,0,0,1,0,0,0
2020-02-22,Talama,4,H5,H,3,0,0,0,3,0,0,0,NA,NA,NA,NA,NA,NA,NA,NA,6,2,NA,0,0,0,0,0,Talama-4-H5,FALSE,FALSE,FALSE,TRUE,0,0,0,0,0,0,1,0,0,0
2021-02-09,Yekeyor,5,H1,H,3,0,0,0,3,0,0,0,3,0,0,0,3,0,0,0,12,4,NA,0,0,0,0,0,Yekeyor-5-H1,FALSE,FALSE,FALSE,TRUE,0,0,0,0,0,1,1,0,0,0
2021-02-09,Yekeyor,5,H2,H,3,0,0,0,3,0,0,0,3,0,0,0,3,0,0,0,12,4,NA,0,0,0,0,0,Yekeyor-5-H2,FALSE,FALSE,FALSE,TRUE,0,0,0,0,0,1,1,0,0,0
2021-02-09,Yekeyor,5,H3,H,3,1,0,0,3,1,0,0,3,0,0,0,3,0,0,0,12,4,2,0,2,0,0,0,Yekeyor-5-H3,FALSE,TRUE,FALSE,FALSE,0,1,0,0,0,1,1,0,0,0
2021-02-09,Yekeyor,5,H4,H,3,0,0,0,3,1,0,0,3,0,0,0,3,0,0,0,12,4,1,0,1,0,0,0,Yekeyor-5-H4,FALSE,TRUE,FALSE,FALSE,0,1,0,0,0,1,1,0,0,0
2021-02-09,Yekeyor,5,H5,H,3,1,0,0,3,1,0,0,3,0,0,0,3,0,0,0,12,4,2,1,1,0,0,0,Yekeyor-5-H5,FALSE,FALSE,TRUE,FALSE,0.08333333333333333,1,0,0,0,1,1,0,0,0
2021-02-09,Yekeyor,5,H6,H,3,0,0,0,3,0,0,0,3,0,0,0,3,0,0,0,12,4,NA,0,0,0,0,0,Yekeyor-5-H6,FALSE,FALSE,FALSE,TRUE,0,0,0,0,0,1,1,0,0,0
2021-02-09,Yekeyor,5,H7,H,3,0,0,0,3,0,0,0,3,0,0,0,3,0,0,0,12,4,NA,0,0,0,0,0,Yekeyor-5-H7,FALSE,FALSE,FALSE,TRUE,0,0,0,0,0,1,1,0,0,0
2021-02-09,Yekeyor,5,H8,H,3,0,0,0,3,0,0,0,3,0,0,0,3,0,0,0,12,4,NA,0,0,0,0,0,Yekeyor-5-H8,FALSE,FALSE,FALSE,TRUE,0,0,0,0,0,1,1,0,0,0
2021-02-09,Yekeyor,5,H9,H,3,0,0,0,3,1,0,0,3,0,0,0,3,0,0,0,12,4,1,0,1,0,0,0,Yekeyor-5-H9,FALSE,TRUE,FALSE,FALSE,0,1,0,0,0,1,1,0,0,0
2021-02-09,Yekeyor,5,H10,H,3,0,0,0,3,0,0,0,3,0,0,0,3,0,0,0,12,4,NA,0,0,0,0,0,Yekeyor-5-H10,FALSE,FALSE,FALSE,TRUE,0,0,0,0,0,1,1,0,0,0
2021-02-09,Yekeyor,5,H11,H,3,0,0,0,3,0,0,0,3,0,0,0,3,0,0,0,12,4,NA,0,0,0,0,0,Yekeyor-5-H11,FALSE,FALSE,FALSE,TRUE,0,0,0,0,0,1,1,0,0,0
2021-02-09,Yekeyor,5,H12,H,3,0,0,0,3,0,0,0,3,0,0,0,3,0,0,0,12,4,NA,0,0,0,0,0,Yekeyor-5-H12,FALSE,FALSE,FALSE,TRUE,0,0,0,0,0,1,1,0,0,0
2021-02-09,Yekeyor,5,H13,H,3,0,0,0,3,0,0,0,3,0,0,0,3,0,0,0,12,4,NA,0,0,0,0,0,Yekeyor-5-H13,FALSE,FALSE,FALSE,TRUE,0,0,0,0,0,1,1,0,0,0
